Frame ID,QR id,QR 2D,QR 3D
273,0,"[[408.0, 63.0], [467.0, 59.0], [472.0, 119.0], [415.0, 123.0]]","[2.290157527038429, -152.29533177573893, 8.360189627104896, -1.562117934084866]"
274,0,"[[412.0, 31.0], [470.0, 27.0], [473.0, 86.0], [415.0, 90.0]]","[2.3388186567529003, -178.6329518420111, 3.2940491679678705, -2.8609678476760414]"
287,0,"[[228.0, 27.0], [288.0, 23.0], [294.0, 83.0], [236.0, 87.0]]","[2.3920815876158144, -149.20284410110574, -13.462772978014138, -8.617364291063486]"
288,0,"[[122.0, 12.0], [187.0, 8.0], [195.0, 68.0], [131.0, 74.0]]","[2.298914916526266, 178.35512727207697, -10.472557146539087, -8.155068871096441]"
308,0,"[[681.0, 56.0], [746.0, 55.0], [745.0, 118.0], [681.0, 117.0]]","[2.210299991766921, -142.4505981635499, 25.178905414037015, 7.978375334891029]"
316,1,"[[615.0, 84.0], [640.0, 88.0], [637.0, 114.0], [611.0, 112.0]]","[5.191749057221863, -172.12281438385253, -7.567854051980617, 4.854709480359225]"
317,1,"[[672.0, 99.0], [698.0, 103.0], [694.0, 129.0], [669.0, 126.0]]","[5.235634435503674, -177.23299096611967, -6.095302796041909, 6.3596218969542155]"
318,1,"[[702.0, 120.0], [727.0, 122.0], [724.0, 149.0], [698.0, 146.0]]","[5.318423019846343, -156.23311025370248, 30.062539743226417, 14.537019787804718]"
319,1,"[[705.0, 120.0], [732.0, 123.0], [728.0, 151.0], [702.0, 151.0]]","[4.806407413354624, -166.89269225895643, -12.902334938284739, 0.2643716873334139]"
320,1,"[[712.0, 116.0], [740.0, 118.0], [736.0, 147.0], [708.0, 144.0]]","[4.973501271993656, -157.6812650990957, 27.121990478694336, 13.130154661475933]"
321,1,"[[737.0, 115.0], [765.0, 116.0], [762.0, 145.0], [735.0, 143.0]]","[5.003058320859744, -154.3154038421564, 34.622427617331965, 13.62862536456333]"
322,1,"[[752.0, 111.0], [781.0, 113.0], [778.0, 142.0], [750.0, 141.0]]","[4.857494739002433, -173.73598985349517, -3.5529353634186562, 2.3004875565870484]"
323,1,"[[725.0, 92.0], [752.0, 93.0], [750.0, 123.0], [721.0, 123.0]]","[4.750533582590451, -165.35093585761413, -8.777397504372946, -1.0331720250969252]"
324,1,"[[688.0, 106.0], [714.0, 107.0], [712.0, 136.0], [684.0, 136.0]]","[4.829352451793609, -164.11979325078693, -10.401274879701592, -1.2436461803211063]"
325,1,"[[658.0, 88.0], [686.0, 90.0], [684.0, 121.0], [656.0, 119.0]]","[4.559304736980212, -173.58099161543333, -13.161135914026179, 0.5960389272691914]"
326,1,"[[657.0, 92.0], [686.0, 94.0], [683.0, 124.0], [654.0, 123.0]]","[4.66317530804207, -168.42898641715087, -4.837543013358672, 1.9534524778127333]"
327,1,"[[669.0, 80.0], [699.0, 82.0], [696.0, 114.0], [667.0, 113.0]]","[4.405855425117985, -169.83620431914198, -11.341917256299292, -0.11121051801683648]"
328,1,"[[663.0, 75.0], [694.0, 77.0], [691.0, 109.0], [661.0, 108.0]]","[4.402165191081617, -170.85059376722546, -6.961806004755184, 1.050202983760336]"
329,1,"[[643.0, 73.0], [674.0, 76.0], [671.0, 109.0], [640.0, 107.0]]","[4.24066527152097, -172.09108281238377, -9.764425263430581, 1.9855287410971898]"
330,1,"[[664.0, 73.0], [696.0, 76.0], [693.0, 108.0], [661.0, 107.0]]","[4.3035811196334555, -173.57509905947177, -2.41582827070474, 3.213371158615898]"
331,1,"[[676.0, 75.0], [709.0, 78.0], [704.0, 113.0], [673.0, 111.0]]","[4.050958483260855, -168.12858789073937, -11.727236074637043, 1.1769491997177404]"
332,1,"[[674.0, 83.0], [707.0, 85.0], [704.0, 121.0], [671.0, 119.0]]","[3.9684484743230577, -170.97754884336746, -10.174037772251117, 0.841893455184356]"
333,1,"[[663.0, 73.0], [697.0, 75.0], [695.0, 112.0], [660.0, 110.0]]","[3.8481994999451077, -173.4027111166242, -8.48960989018568, 1.1350401402713874]"
334,1,"[[648.0, 99.0], [684.0, 100.0], [682.0, 139.0], [647.0, 138.0]]","[3.610433261352482, -172.30921952922935, -12.238578659948635, -1.3225373262695084]"
335,1,"[[676.0, 98.0], [714.0, 99.0], [712.0, 137.0], [674.0, 137.0]]","[3.6669300184644307, -173.91212659808, 0.5334027457269018, 1.2240067341411613]"
336,1,"[[676.0, 98.0], [714.0, 99.0], [712.0, 137.0], [674.0, 137.0]]","[3.6669300184644307, -173.91212659808, 0.5334027457269018, 1.2240067341411613]"
337,1,"[[703.0, 120.0], [742.0, 124.0], [739.0, 165.0], [700.0, 163.0]]","[3.329995286453779, -176.25544148822624, -10.460833907033127, 2.1087350604254]"
338,1,"[[713.0, 117.0], [755.0, 120.0], [752.0, 163.0], [710.0, 161.0]]","[3.225779106477371, -176.68935465647425, -5.196470000024463, 2.425435994334836]"
339,1,"[[732.0, 109.0], [777.0, 111.0], [773.0, 157.0], [730.0, 155.0]]","[3.093612995377077, -152.97783398144352, 36.7306796958871, 13.692556718870524]"
340,1,"[[732.0, 122.0], [777.0, 124.0], [774.0, 171.0], [730.0, 169.0]]","[3.006956523019977, -175.94249851576959, -7.258879492247973, 1.0749796837994992]"
341,1,"[[759.0, 103.0], [807.0, 104.0], [805.0, 156.0], [757.0, 155.0]]","[2.7686391024130677, -174.17002743610746, -8.879272301621613, -0.8384531115995751]"
342,1,"[[769.0, 123.0], [820.0, 125.0], [819.0, 175.0], [768.0, 176.0]]","[2.7519421920290505, -178.3940063242845, -2.2794884200345464, 0.2664951203578264]"
343,1,"[[806.0, 102.0], [862.0, 102.0], [862.0, 160.0], [806.0, 160.0]]","[2.493331379479719, -177.96953185025083, -4.228823727300502, -0.9855119544643746]"
344,1,"[[848.0, 125.0], [907.0, 127.0], [907.0, 189.0], [847.0, 187.0]]","[2.335948275776269, 179.67787134389764, -5.1373986696560845, 0.7057753541628923]"
364,3,"[[487.0, 122.0], [503.0, 123.0], [502.0, 139.0], [486.0, 139.0]]","[8.24503932699271, -158.25953803447925, -6.8319139339878685, 0.19552253473860395]"
365,3,"[[492.0, 123.0], [509.0, 124.0], [508.0, 140.0], [492.0, 139.0]]","[8.020565501425207, -144.97144914958866, 7.3143384685548165, 5.334551397631136]"
368,3,"[[503.0, 158.0], [521.0, 159.0], [521.0, 177.0], [503.0, 179.0]]","[6.909730631303879, -166.40064652043662, -16.68263147165273, -4.8389831421051985]"
369,3,"[[486.0, 153.0], [504.0, 152.0], [505.0, 170.0], [487.0, 173.0]]","[7.024955863288825, -159.5804163284184, -12.942852502728147, -8.877083011208251]"
370,3,"[[495.0, 170.0], [513.0, 170.0], [512.0, 189.0], [496.0, 189.0]]","[7.681767917324886, -169.063654754462, 4.552617588573071, 0.5568814474119105]"
372,3,"[[542.0, 145.0], [561.0, 146.0], [559.0, 166.0], [541.0, 165.0]]","[7.147328271789292, -167.47244167025966, 5.443693865252721, 4.392561628066633]"
373,3,"[[544.0, 159.0], [564.0, 161.0], [563.0, 180.0], [544.0, 180.0]]","[6.629811035958435, 179.74635076289994, -9.062548486185287, 1.293914251627295]"
374,3,"[[547.0, 169.0], [567.0, 168.0], [567.0, 190.0], [548.0, 191.0]]","[6.729539847655624, -169.73884025402853, -3.9073429188092876, -3.3251671007286827]"
376,3,"[[527.0, 150.0], [549.0, 151.0], [548.0, 173.0], [528.0, 173.0]]","[5.983841876934964, -175.38431236110483, -14.766865667132514, -1.670474566005193]"
377,3,"[[504.0, 133.0], [526.0, 132.0], [527.0, 155.0], [506.0, 156.0]]","[5.887587708143232, -159.19229052209155, 21.51206615695667, 2.5235673099645584]"
378,3,"[[512.0, 165.0], [535.0, 164.0], [536.0, 188.0], [514.0, 190.0]]","[5.473732769893267, -171.16154138946823, -16.667519395590112, -6.866008323859514]"
379,3,"[[523.0, 176.0], [547.0, 175.0], [548.0, 197.0], [525.0, 200.0]]","[5.6233827467014414, -155.4418147037618, 4.821410384228669, -3.9895086543242955]"
380,3,"[[542.0, 135.0], [567.0, 135.0], [566.0, 159.0], [542.0, 159.0]]","[5.475221322453333, -150.71519320499468, 6.888087507777411, 1.7309963739448864]"
381,3,"[[560.0, 151.0], [585.0, 151.0], [585.0, 177.0], [561.0, 177.0]]","[5.179102932903167, -158.31490131187564, 25.403900130520466, 5.7829880399712845]"
382,3,"[[562.0, 155.0], [587.0, 154.0], [588.0, 181.0], [563.0, 182.0]]","[5.012739497897305, -173.33795682612768, -13.627598224799135, -4.771598629886948]"
383,3,"[[554.0, 162.0], [580.0, 161.0], [580.0, 187.0], [554.0, 188.0]]","[5.142541503032564, -178.38568578121934, 9.920398869396173, -0.11594466437379182]"
385,3,"[[551.0, 148.0], [578.0, 148.0], [577.0, 177.0], [551.0, 177.0]]","[4.995814677635255, -168.05158860311178, -2.2771880638776083, -0.5330241080164722]"
386,3,"[[552.0, 140.0], [580.0, 140.0], [580.0, 169.0], [553.0, 170.0]]","[4.611188041603044, -172.81628862103275, -12.74197456148004, -3.591018422792791]"
387,3,"[[562.0, 135.0], [591.0, 134.0], [592.0, 164.0], [563.0, 166.0]]","[4.479721312048155, -171.56035847393372, -8.314285724552809, -4.485108504083814]"
388,3,"[[573.0, 149.0], [603.0, 147.0], [605.0, 177.0], [575.0, 180.0]]","[4.426474163681397, -175.3805543985929, -2.198436621768033, -4.9125628482796095]"
389,3,"[[604.0, 117.0], [635.0, 117.0], [635.0, 149.0], [604.0, 150.0]]","[4.256000411831054, -173.3423891473804, -6.990365279239137, -2.2646980317247563]"
390,3,"[[629.0, 126.0], [662.0, 126.0], [664.0, 160.0], [630.0, 160.0]]","[3.924049239508033, 175.88385065724404, -7.596227333796386, -1.4174008312688688]"
391,3,"[[665.0, 144.0], [699.0, 142.0], [700.0, 178.0], [666.0, 179.0]]","[3.8885171620373833, -160.15687568579597, 33.46127032123706, 5.189494994100156]"
392,3,"[[675.0, 140.0], [711.0, 137.0], [711.0, 175.0], [676.0, 176.0]]","[3.7647124545629564, -163.71155797360203, 33.59164992374099, 4.580841551891956]"
393,3,"[[688.0, 105.0], [724.0, 104.0], [725.0, 143.0], [689.0, 145.0]]","[3.5737274420368377, -173.36735051331559, -11.524506213358233, -4.847065033971653]"
394,3,"[[698.0, 104.0], [736.0, 101.0], [737.0, 141.0], [700.0, 143.0]]","[3.5830828318013865, -157.08958647938113, 36.88324318697358, 6.377492564491029]"
395,3,"[[708.0, 64.0], [748.0, 62.0], [750.0, 105.0], [709.0, 108.0]]","[3.3152950232502945, -172.8267890422789, -7.538821035009853, -5.3236409551312605]"
396,3,"[[728.0, 74.0], [771.0, 71.0], [773.0, 117.0], [730.0, 120.0]]","[3.1333724228575996, -173.44006954242005, -7.053010517709167, -5.612364723187622]"
397,3,"[[792.0, 44.0], [840.0, 42.0], [839.0, 93.0], [792.0, 95.0]]","[2.93500430829579, -170.23769204906762, -5.04551288045899, -3.954593400914733]"
398,3,"[[850.0, 44.0], [902.0, 43.0], [901.0, 97.0], [850.0, 99.0]]","[2.777428353390239, -172.34917209283861, -3.2206577263454497, -2.9496334506185953]"
399,3,"[[888.0, 47.0], [942.0, 45.0], [942.0, 101.0], [888.0, 103.0]]","[2.727613710568501, -173.19298551327483, -0.3992574986756239, -2.795879109745863]"
418,2,"[[273.0, 63.0], [305.0, 62.0], [304.0, 102.0], [274.0, 103.0]]","[3.5640638607440924, -148.01914978706387, -44.52210419551819, -19.090959223098416]"
422,2,"[[604.0, 61.0], [634.0, 57.0], [630.0, 98.0], [600.0, 101.0]]","[3.4908085591219016, -169.5590356491612, 49.7368976528288, 12.428820684323856]"
422,5,"[[69.0, 77.0], [87.0, 78.0], [87.0, 96.0], [69.0, 95.0]]","[8.265937679729408, -172.81477541584314, -4.104767991346888, 2.2728809293278713]"
423,2,"[[629.0, 64.0], [660.0, 61.0], [656.0, 102.0], [625.0, 104.0]]","[3.5199930158154173, -166.84589700318492, 48.68823394731994, 13.84421251647401]"
424,2,"[[680.0, 58.0], [711.0, 55.0], [706.0, 98.0], [675.0, 100.0]]","[3.4035562845114327, -162.7168162516162, 54.73156819525767, 18.526208972422015]"
425,2,"[[723.0, 68.0], [754.0, 65.0], [750.0, 110.0], [718.0, 111.0]]","[3.3180027639908163, -157.25005599956364, 58.42565674473277, 22.064243310526376]"
426,2,"[[782.0, 64.0], [815.0, 59.0], [811.0, 104.0], [777.0, 108.0]]","[3.3175481961218156, -162.7632154499686, 61.40498110525078, 18.19242430314828]"
426,5,"[[276.0, 117.0], [293.0, 118.0], [293.0, 134.0], [276.0, 132.0]]","[8.135965139590954, 167.35065706457598, -15.09677158345323, 1.2564028539804533]"
427,2,"[[789.0, 47.0], [822.0, 40.0], [818.0, 87.0], [785.0, 92.0]]","[3.234375411870476, -161.08453792773017, 64.6446621357974, 19.412278152058327]"
427,5,"[[298.0, 110.0], [316.0, 111.0], [314.0, 127.0], [298.0, 125.0]]","[8.075969759140076, -140.00392623076854, -12.859948171911995, 1.7186233978165195]"
428,2,"[[787.0, 28.0], [820.0, 21.0], [815.0, 71.0], [783.0, 75.0]]","[3.105200434573569, -153.26645572363512, 66.31509168498698, 26.56501740513378]"
428,5,"[[305.0, 94.0], [322.0, 95.0], [321.0, 111.0], [305.0, 110.0]]","[8.34077078759024, -146.11279787877763, -12.571255959077941, -0.07488341543257801]"
429,2,"[[798.0, 33.0], [830.0, 26.0], [826.0, 76.0], [793.0, 81.0]]","[3.0715838759026335, -153.6842878306599, 67.89444861720501, 26.542885909062182]"
429,5,"[[324.0, 96.0], [341.0, 97.0], [341.0, 113.0], [325.0, 113.0]]","[8.271928191503507, -150.64941701428702, -3.9006951772636675, 0.48178606289720904]"
431,5,"[[379.0, 91.0], [395.0, 92.0], [395.0, 108.0], [379.0, 108.0]]","[8.442179962601237, -171.79856402644793, -8.561405172932355, -0.5612976545480612]"
431,4,"[[235.0, 158.0], [244.0, 158.0], [245.0, 167.0], [236.0, 167.0]]","[15.089905373804033, -156.03194381013495, 1.5201839892382545, 0.06507754850980346]"
434,5,"[[423.0, 128.0], [440.0, 127.0], [441.0, 143.0], [424.0, 144.0]]","[7.81500134670639, 169.0513950397524, -0.8355371420004141, -3.575855746057451]"
435,5,"[[422.0, 136.0], [439.0, 135.0], [440.0, 152.0], [424.0, 153.0]]","[7.922011808169454, -158.18439390070398, 8.016354161993231, -1.6221290174824494]"
436,2,"[[889.0, 32.0], [929.0, 16.0], [926.0, 82.0], [888.0, 94.0]]","[2.3783401285620434, -151.46666146001945, 79.9077278524158, 28.352991185992053]"
436,5,"[[434.0, 164.0], [451.0, 165.0], [451.0, 182.0], [435.0, 182.0]]","[7.580429575714252, -178.21591758053108, -19.45830399215678, -2.192414082793321]"
437,5,"[[457.0, 177.0], [474.0, 176.0], [473.0, 193.0], [456.0, 193.0]]","[7.5363010717413506, 168.53306872838274, 13.22523968733614, 0.754885077440402]"
438,5,"[[462.0, 177.0], [478.0, 178.0], [478.0, 195.0], [461.0, 195.0]]","[7.633679820961319, -170.57773799914034, -16.051581132523307, -1.1257991701189463]"
439,2,"[[898.0, 55.0], [942.0, 39.0], [938.0, 112.0], [894.0, 123.0]]","[2.15020524228475, -153.20802737479036, 79.72724962534836, 28.057290931727668]"
439,5,"[[441.0, 198.0], [457.0, 199.0], [457.0, 216.0], [440.0, 215.0]]","[7.728283814139558, -178.84325054931364, -13.36655585126144, 1.3936936703493656]"
440,2,"[[880.0, 45.0], [926.0, 27.0], [921.0, 102.0], [876.0, 114.0]]","[2.09325571744643, -158.85780425237616, 78.55781032520972, 22.989712221622998]"
440,5,"[[416.0, 193.0], [433.0, 193.0], [434.0, 210.0], [416.0, 210.0]]","[7.468118689279112, 171.84445079478257, -6.19488648360675, -1.0421127383189073]"
441,5,"[[386.0, 171.0], [404.0, 171.0], [404.0, 189.0], [386.0, 187.0]]","[7.831208537852368, -179.56097603933347, -4.7341505796465215, 1.2092058267471513]"
442,2,"[[849.0, 33.0], [900.0, 11.0], [897.0, 94.0], [845.0, 110.0]]","[1.8665410257410187, -166.84585499459172, 76.64027759832759, 14.390293129693593]"
442,5,"[[351.0, 199.0], [368.0, 197.0], [370.0, 215.0], [352.0, 216.0]]","[7.477021731925046, 178.69130203389713, 1.7261142291762865, -4.837612422805747]"
443,2,"[[881.0, 35.0], [939.0, 10.0], [940.0, 96.0], [881.0, 114.0]]","[1.8200220419902717, -172.7315429422402, 75.17235192744731, 6.402902737272544]"
444,5,"[[352.0, 213.0], [371.0, 212.0], [372.0, 231.0], [355.0, 232.0]]","[6.921955964707741, -165.45798342081224, 13.262137750669947, -1.246418284301069]"
444,4,"[[230.0, 288.0], [240.0, 289.0], [240.0, 298.0], [230.0, 298.0]]","[13.687692328491442, 169.94598171660957, -22.442754383097547, 1.6404017339535224]"
445,5,"[[371.0, 217.0], [389.0, 216.0], [391.0, 235.0], [373.0, 236.0]]","[6.889255041379614, -165.48873549551203, 14.464553901433407, -1.1957243514057834]"
446,5,"[[406.0, 219.0], [426.0, 216.0], [427.0, 235.0], [408.0, 236.0]]","[6.64639039192458, -147.5025370760999, -4.760490532195867, -6.531438976343309]"
447,5,"[[428.0, 176.0], [447.0, 176.0], [448.0, 195.0], [428.0, 195.0]]","[6.719130311525162, 172.61717010317864, -5.264362516863488, -0.9608859734997189]"
448,5,"[[476.0, 163.0], [495.0, 162.0], [496.0, 182.0], [477.0, 183.0]]","[6.72059243083794, -170.58123251011, -11.94214098129226, -5.262710216915925]"
449,5,"[[490.0, 161.0], [510.0, 160.0], [511.0, 181.0], [492.0, 182.0]]","[6.370755021184725, -162.20985483854696, 22.3421732346717, 1.7544352354914385]"
450,5,"[[517.0, 156.0], [538.0, 154.0], [539.0, 175.0], [519.0, 176.0]]","[6.431356853457864, -156.31488019293135, 11.103583571051322, -1.7663553564672223]"
451,5,"[[535.0, 154.0], [555.0, 153.0], [557.0, 174.0], [536.0, 176.0]]","[6.259165395572268, -174.12355014224022, -9.702227690352485, -5.852527069766901]"
451,4,"[[410.0, 246.0], [420.0, 245.0], [421.0, 255.0], [411.0, 255.0]]","[12.879506921830062, -153.55799189253005, 5.460424339036582, -2.263439707511898]"
452,5,"[[536.0, 139.0], [558.0, 138.0], [558.0, 159.0], [537.0, 160.0]]","[6.226961444265893, -150.7435558432321, 6.601783235378594, -1.0497017369371917]"
453,5,"[[542.0, 132.0], [563.0, 132.0], [562.0, 156.0], [542.0, 157.0]]","[5.598855269886975, -164.32249516203288, -24.87593525679427, -7.129769847712735]"
454,5,"[[555.0, 128.0], [577.0, 126.0], [578.0, 149.0], [556.0, 151.0]]","[5.972372408746727, -164.7299153764025, -5.4252934948676055, -6.157733619460338]"
454,4,"[[423.0, 226.0], [433.0, 226.0], [434.0, 236.0], [423.0, 236.0]]","[12.319264662346912, 166.99658532684518, -8.818096315179789, -1.1795322365958303]"
455,5,"[[564.0, 122.0], [587.0, 120.0], [589.0, 143.0], [566.0, 146.0]]","[5.80934953398571, -173.894790387647, -1.2189036773417092, -6.1831605176202835]"
455,4,"[[430.0, 225.0], [441.0, 226.0], [441.0, 236.0], [430.0, 236.0]]","[11.762653745376314, 167.37537575947502, -8.409572848666492, 1.5200856235925748]"
455,7,"[[359.0, 273.0], [359.0, 264.0], [368.0, 264.0], [368.0, 273.0]]","[14.464450062183873, 178.53268301428852, -0.1377691351243345, -89.93937529232211]"
456,5,"[[574.0, 127.0], [597.0, 126.0], [599.0, 150.0], [576.0, 152.0]]","[5.534321178845566, -176.60973078382466, -11.933077076167555, -6.146992557892981]"
457,5,"[[634.0, 125.0], [660.0, 124.0], [660.0, 149.0], [636.0, 151.0]]","[5.409742733739799, -174.9800107151858, -2.498708794610086, -3.759668661107643]"
458,5,"[[657.0, 117.0], [683.0, 115.0], [684.0, 142.0], [658.0, 143.0]]","[5.2364584934072225, -156.53154241651126, 27.860686647278648, 3.8930236874170348]"
458,4,"[[507.0, 227.0], [518.0, 227.0], [518.0, 239.0], [507.0, 238.0]]","[11.273058805586404, -161.9433082732134, 21.07055440274356, 5.595229010799665]"
458,7,"[[432.0, 274.0], [432.0, 265.0], [442.0, 265.0], [441.0, 275.0]]","[13.601673836176781, 179.89341887468296, 10.969776629278263, -86.8324299782525]"
459,5,"[[679.0, 113.0], [707.0, 111.0], [707.0, 138.0], [680.0, 140.0]]","[5.1794138242613235, -157.09798947091159, 18.656608954604977, 0.5060104041017719]"
460,5,"[[688.0, 111.0], [717.0, 109.0], [717.0, 137.0], [690.0, 139.0]]","[5.0071129240122865, -156.3678156707974, 26.92557639702389, 2.889248514297983]"
460,4,"[[532.0, 232.0], [543.0, 232.0], [543.0, 244.0], [532.0, 244.0]]","[10.96180043276712, -174.63084898022925, -18.420085934297955, -2.2410955765322105]"
462,5,"[[699.0, 88.0], [731.0, 86.0], [730.0, 116.0], [700.0, 118.0]]","[4.678956517715344, -151.4630856254388, 18.19677300683306, 1.3244185676892006]"
463,5,"[[695.0, 79.0], [727.0, 76.0], [727.0, 107.0], [697.0, 109.0]]","[4.632772699255744, -152.0507184125652, 23.79870010668431, 2.233902795048668]"
463,4,"[[524.0, 212.0], [536.0, 212.0], [536.0, 225.0], [524.0, 225.0]]","[10.178230419713573, -173.69532751644303, -17.287605588735765, -2.457296032895091]"
463,7,"[[447.0, 265.0], [447.0, 254.0], [457.0, 255.0], [457.0, 265.0]]","[12.265560186908345, -160.41668428458652, -2.5585401093139093, -90.03940447437589]"
464,5,"[[698.0, 73.0], [731.0, 69.0], [732.0, 101.0], [700.0, 104.0]]","[4.4710311431756, -151.33268885481186, 20.937045990189976, -0.2745114620825186]"
464,7,"[[446.0, 272.0], [446.0, 261.0], [456.0, 261.0], [456.0, 271.0]]","[12.240736618006748, -160.12852971912596, 13.662267200085834, -89.85364379046986]"
465,5,"[[685.0, 82.0], [719.0, 79.0], [719.0, 112.0], [687.0, 115.0]]","[4.332004044505334, -157.57390269895262, 22.689676605431334, 1.1638615621268031]"
465,4,"[[505.0, 231.0], [517.0, 230.0], [518.0, 242.0], [505.0, 243.0]]","[10.382929582550211, 168.44149332307848, 8.510974948496875, -3.481966024576502]"
466,5,"[[745.0, 59.0], [781.0, 55.0], [782.0, 91.0], [746.0, 94.0]]","[4.118434874281717, -155.83338761827466, 27.871590766060233, 2.6240110906323184]"
466,4,"[[548.0, 218.0], [561.0, 218.0], [561.0, 231.0], [548.0, 231.0]]","[10.082161210799162, 179.47579108225355, -1.554931584451601, -0.07318361953013237]"
467,5,"[[762.0, 38.0], [800.0, 34.0], [801.0, 72.0], [763.0, 76.0]]","[3.920721392214698, -169.397201680101, 6.899470776307715, -4.034200971433281]"
467,4,"[[556.0, 207.0], [569.0, 207.0], [569.0, 220.0], [555.0, 220.0]]","[9.805009047643061, 171.65611526871427, 9.28137616970378, 1.5588854365435254]"
467,7,"[[474.0, 264.0], [473.0, 253.0], [483.0, 252.0], [484.0, 263.0]]","[11.795106051202652, -157.5924603298988, 6.318963587947995, -95.4066157926362]"
468,5,"[[778.0, 22.0], [819.0, 18.0], [820.0, 59.0], [779.0, 63.0]]","[3.6623050574060367, -170.706825752973, 6.425731781548132, -3.7423729699228474]"
468,7,"[[472.0, 271.0], [472.0, 260.0], [482.0, 259.0], [483.0, 271.0]]","[11.290424783254439, 154.80919370338117, 4.991572030450728, -92.60439120812154]"
469,4,"[[562.0, 202.0], [575.0, 200.0], [576.0, 216.0], [563.0, 216.0]]","[8.851781732039385, -168.01405244784738, 36.950533282181716, 2.0496981551622078]"
470,4,"[[504.0, 212.0], [517.0, 211.0], [519.0, 225.0], [504.0, 226.0]]","[9.291069993314247, 177.88071438047982, -0.8532790521594877, -4.059955063374946]"
471,4,"[[498.0, 209.0], [512.0, 208.0], [513.0, 222.0], [498.0, 223.0]]","[8.991665386588782, 170.3069578572164, 7.2352852587920475, -2.8246613804687204]"
471,7,"[[413.0, 276.0], [411.0, 264.0], [422.0, 263.0], [423.0, 275.0]]","[10.761773849632494, -149.0017967916197, 2.7764375708101583, -97.00327103259346]"
475,4,"[[527.0, 205.0], [542.0, 205.0], [542.0, 221.0], [527.0, 221.0]]","[8.287379354701761, -173.9951508204747, -14.63588066509008, -2.122019927284635]"
475,7,"[[435.0, 272.0], [435.0, 259.0], [447.0, 259.0], [447.0, 272.0]]","[10.00522253140818, 158.99916012400715, 5.0166739687005935, -89.88850230473022]"
476,4,"[[535.0, 218.0], [550.0, 217.0], [551.0, 233.0], [535.0, 234.0]]","[8.237526609061462, -176.44262348901162, 19.320035295338403, -1.00432859785885]"
476,7,"[[441.0, 286.0], [442.0, 273.0], [453.0, 273.0], [454.0, 286.0]]","[10.642980450944808, -174.62641410573158, 4.079096606296861, -89.99074060791853]"
478,4,"[[506.0, 220.0], [523.0, 219.0], [523.0, 235.0], [506.0, 236.0]]","[7.641342550248308, 165.48232496264956, 10.395917348453874, -1.9020500637776454]"
478,7,"[[408.0, 291.0], [408.0, 278.0], [421.0, 277.0], [422.0, 291.0]]","[9.552700347319513, 176.84991764475515, -1.3058336806929385, -91.99851918205547]"
479,4,"[[494.0, 215.0], [511.0, 215.0], [512.0, 231.0], [495.0, 232.0]]","[7.622848705257022, 170.67996319747655, -4.962804102634941, -2.254772509605836]"
479,7,"[[396.0, 289.0], [396.0, 276.0], [409.0, 275.0], [410.0, 289.0]]","[9.562046999678564, 177.04918253771606, -1.2785467609375667, -92.01257601829325]"
480,4,"[[479.0, 232.0], [496.0, 232.0], [496.0, 249.0], [479.0, 250.0]]","[7.44336101771358, -167.20741768519184, -11.822016136501228, -3.077601788873947]"
480,7,"[[380.0, 310.0], [379.0, 297.0], [393.0, 295.0], [394.0, 309.0]]","[9.574956614262835, -178.5224732806875, -1.397060114311993, -95.29928742230531]"
481,4,"[[476.0, 238.0], [493.0, 236.0], [494.0, 254.0], [476.0, 255.0]]","[7.244859985114639, 172.1354849822877, 14.062548522315767, -3.3129104684398003]"
482,4,"[[467.0, 193.0], [485.0, 192.0], [486.0, 210.0], [468.0, 212.0]]","[7.116432178870217, -164.11046969062804, -9.66797797222564, -6.290759801263756]"
483,4,"[[462.0, 202.0], [480.0, 202.0], [480.0, 221.0], [462.0, 221.0]]","[7.18261366569709, -172.40130162338224, -7.6425693840437, -1.1361436977160515]"
483,7,"[[356.0, 279.0], [356.0, 265.0], [371.0, 265.0], [371.0, 280.0]]","[8.714703424817568, -179.0652371791527, 19.32831854721398, -87.87761278837324]"
484,10,"[[899.0, 213.0], [912.0, 210.0], [912.0, 251.0], [898.0, 252.0]]","[3.65278595477126, -28.96939185350019, 81.16719757809923, 150.05574484032115]"
484,4,"[[467.0, 214.0], [485.0, 214.0], [485.0, 233.0], [467.0, 234.0]]","[6.739516738117855, -167.93833816983803, -20.238953156260795, -4.465055303256303]"
484,7,"[[360.0, 294.0], [359.0, 278.0], [374.0, 278.0], [375.0, 293.0]]","[8.357675678308688, -157.721126569052, 0.22494612921887552, -93.61441981115762]"
485,10,"[[901.0, 235.0], [916.0, 232.0], [916.0, 275.0], [901.0, 276.0]]","[3.4671363040636844, -23.610534391646638, 82.44762991661068, 155.18324357263975]"
485,4,"[[449.0, 242.0], [468.0, 241.0], [469.0, 261.0], [450.0, 261.0]]","[6.641296634582929, -167.33036559829463, 13.78650984466604, 0.04512906109671864]"
485,7,"[[341.0, 324.0], [340.0, 308.0], [356.0, 308.0], [356.0, 323.0]]","[8.359646665709905, -163.5274132060682, 5.698585892712753, -91.02774846104487]"
486,10,"[[907.0, 211.0], [924.0, 208.0], [923.0, 254.0], [905.0, 256.0]]","[3.225969379834165, -36.437025481149796, 83.08334825892575, 143.74678500450312]"
486,4,"[[426.0, 206.0], [446.0, 207.0], [445.0, 227.0], [425.0, 227.0]]","[6.374802398027614, -163.81133705886253, -14.336050494731273, -0.7338267095327181]"
486,7,"[[311.0, 289.0], [312.0, 273.0], [327.0, 273.0], [326.0, 290.0]]","[7.9051880280868065, 161.78916447233672, -0.7789112842165253, -86.57932359432485]"
487,10,"[[907.0, 220.0], [925.0, 216.0], [924.0, 264.0], [906.0, 264.0]]","[3.182325713586754, -38.09548608622222, 83.22518824472455, 141.4001273769086]"
487,4,"[[421.0, 216.0], [441.0, 215.0], [441.0, 236.0], [421.0, 236.0]]","[6.3612182993072555, -179.883784296882, 11.255052360300384, 0.07778044138360264]"
487,7,"[[307.0, 299.0], [306.0, 284.0], [321.0, 282.0], [323.0, 299.0]]","[8.150841209068927, 170.3297943134903, 6.632954562576986, -94.21562422636306]"
488,4,"[[456.0, 260.0], [478.0, 261.0], [478.0, 282.0], [457.0, 282.0]]","[5.892190862938138, 172.50244042020452, -11.943396567750254, 0.2887505677612729]"
488,7,"[[340.0, 350.0], [339.0, 333.0], [355.0, 332.0], [357.0, 349.0]]","[7.583274233088001, -155.8258964682352, -3.4752926233141226, -95.47025530920662]"
489,11,"[[928.0, 694.0], [893.0, 683.0], [902.0, 673.0], [939.0, 685.0]]","[4.409212017237832, 121.30318091561466, -17.074831814301746, -165.05612362122852]"
489,4,"[[529.0, 240.0], [552.0, 238.0], [552.0, 261.0], [530.0, 261.0]]","[5.818836395247606, -161.1546973761753, 4.027842328986232, -1.9131993033489858]"
489,7,"[[410.0, 331.0], [409.0, 314.0], [426.0, 313.0], [427.0, 331.0]]","[7.320135929338309, 166.5528454201359, 7.203581558073552, -92.95373828289104]"
490,4,"[[548.0, 228.0], [571.0, 228.0], [570.0, 251.0], [547.0, 251.0]]","[5.771198344408354, -176.3523295155387, 11.71238786723705, 2.147945788146779]"
490,7,"[[424.0, 320.0], [424.0, 302.0], [441.0, 302.0], [442.0, 320.0]]","[7.129882166700722, -163.31985778846186, -3.3701602384124736, -91.71705692813049]"
491,4,"[[577.0, 231.0], [601.0, 231.0], [602.0, 254.0], [578.0, 255.0]]","[5.4651450492709195, 172.96371809093526, -2.4363792267117392, -1.289028920004321]"
491,0,"[[42.0, 267.0], [59.0, 267.0], [61.0, 293.0], [44.0, 293.0]]","[5.480888487160826, -172.09891419506616, 29.603688292498223, 2.516675608953768]"
491,7,"[[450.0, 325.0], [451.0, 307.0], [468.0, 307.0], [467.0, 326.0]]","[6.941225978237973, 156.22021897882397, -0.9962368873822899, -86.91514970249635]"
492,4,"[[592.0, 236.0], [616.0, 236.0], [615.0, 261.0], [591.0, 260.0]]","[5.401689998800714, -172.1654584252781, 22.981405070195223, 4.151800741004399]"
492,7,"[[460.0, 331.0], [461.0, 313.0], [478.0, 313.0], [478.0, 333.0]]","[6.751208772341366, 155.7133843739245, 5.786745814516537, -88.53821133875145]"
493,4,"[[616.0, 235.0], [641.0, 235.0], [640.0, 260.0], [615.0, 260.0]]","[5.313772933798599, -169.65332303656862, -0.8337699799112213, 0.08690156385134908]"
493,0,"[[54.0, 272.0], [73.0, 273.0], [74.0, 299.0], [56.0, 299.0]]","[5.344195685753088, -172.24531452434482, -73.07783677276737, -9.699181730311437]"
493,7,"[[481.0, 334.0], [481.0, 315.0], [499.0, 315.0], [499.0, 334.0]]","[6.783587583433596, -162.77422257311105, 1.4457724965998469, -90.05788229982905]"
494,4,"[[619.0, 228.0], [645.0, 228.0], [643.0, 253.0], [618.0, 252.0]]","[5.305105009045436, -159.455965895446, 7.6232093288983345, 2.3134940855776365]"
494,0,"[[52.0, 264.0], [71.0, 265.0], [72.0, 290.0], [54.0, 290.0]]","[5.564753361687275, -171.72305616400985, -71.21580372964638, -10.067587328149797]"
494,7,"[[482.0, 327.0], [482.0, 308.0], [500.0, 308.0], [500.0, 327.0]]","[6.787934707707115, -162.87938448955384, 1.8091423245165557, -90.07577959727992]"
495,4,"[[602.0, 214.0], [628.0, 215.0], [627.0, 241.0], [600.0, 241.0]]","[5.027070711666668, -170.21487657160472, -0.25456032246441984, 1.325988184252163]"
495,7,"[[458.0, 315.0], [458.0, 295.0], [477.0, 295.0], [477.0, 315.0]]","[6.453737827373864, 161.22867540727253, 3.0035774097968804, -90.0334089925223]"
496,4,"[[605.0, 209.0], [632.0, 208.0], [631.0, 236.0], [604.0, 236.0]]","[4.8465761379361965, -177.00203925287533, 24.245941655506552, 2.659964976074147]"
496,7,"[[460.0, 313.0], [461.0, 292.0], [479.0, 293.0], [479.0, 313.0]]","[6.291995166144849, -154.81056851956092, 2.475607117776749, -88.66331233129314]"
497,4,"[[597.0, 231.0], [625.0, 231.0], [624.0, 260.0], [596.0, 261.0]]","[4.485507431254034, -169.08046618985526, -11.571383404266768, -2.173786234199555]"
497,7,"[[446.0, 343.0], [446.0, 321.0], [466.0, 322.0], [466.0, 343.0]]","[5.971943613829097, -157.48523926671888, -2.33912832439336, -90.01551271988863]"
498,4,"[[630.0, 210.0], [659.0, 208.0], [660.0, 237.0], [630.0, 239.0]]","[4.595269960922548, 179.17597460522833, 18.822986285897752, -1.2769871982954606]"
498,7,"[[476.0, 323.0], [477.0, 303.0], [497.0, 303.0], [497.0, 324.0]]","[6.277693863086994, 172.68431279243913, -0.22820866701752776, -88.43351895993653]"
499,4,"[[610.0, 216.0], [641.0, 216.0], [640.0, 246.0], [609.0, 246.0]]","[4.369046338583932, 176.1181287277924, 10.727315843093743, 1.6318829730257918]"
499,7,"[[451.0, 330.0], [451.0, 307.0], [472.0, 308.0], [472.0, 330.0]]","[5.7123684621783, -158.3754871800147, -1.4611948835023312, -90.00609524658846]"
500,4,"[[627.0, 226.0], [659.0, 227.0], [658.0, 258.0], [626.0, 258.0]]","[4.217968211432721, -179.21363326536368, 2.513913786284726, 1.4483137633228496]"
500,7,"[[463.0, 344.0], [463.0, 321.0], [485.0, 323.0], [485.0, 345.0]]","[5.584956997875272, -162.9924594484887, -11.262531342417748, -89.84455809080052]"
501,4,"[[651.0, 239.0], [684.0, 239.0], [684.0, 270.0], [650.0, 271.0]]","[4.114487284249216, 170.8532901009388, 12.454434814959301, 0.6695928235554162]"
501,7,"[[483.0, 360.0], [483.0, 337.0], [505.0, 338.0], [505.0, 361.0]]","[5.551242677601731, -163.0739835418646, -7.41073458632576, -89.7168755153093]"
502,4,"[[665.0, 236.0], [699.0, 235.0], [698.0, 269.0], [663.0, 269.0]]","[3.9677858814939135, 176.84838785695868, 23.264302725140777, 1.845183337461136]"
502,7,"[[489.0, 365.0], [489.0, 341.0], [511.0, 340.0], [512.0, 364.0]]","[5.673967310649251, 177.95059531110002, 0.01829913345944175, -91.84589526210661]"
503,4,"[[651.0, 228.0], [686.0, 228.0], [685.0, 264.0], [648.0, 264.0]]","[3.7202727266522326, -178.87991301619687, 26.053331235988725, 3.3058473662956667]"
503,7,"[[466.0, 361.0], [466.0, 336.0], [490.0, 336.0], [489.0, 362.0]]","[5.043277312662111, 155.5549113203465, 0.5629269818710589, -88.91497097773328]"
504,4,"[[643.0, 202.0], [681.0, 201.0], [681.0, 237.0], [642.0, 239.0]]","[3.5813937422478297, 172.6739486265477, 15.011749326369209, 0.11606308272999104]"
504,7,"[[453.0, 344.0], [453.0, 319.0], [477.0, 318.0], [478.0, 344.0]]","[5.043304343331531, 162.83193430535238, 0.7856027588322531, -91.08372848187409]"
505,4,"[[627.0, 234.0], [666.0, 232.0], [667.0, 272.0], [627.0, 273.0]]","[3.377096183100038, -174.3574900068892, 23.792423509136963, 0.4043486940614391]"
505,7,"[[430.0, 385.0], [430.0, 358.0], [456.0, 359.0], [456.0, 386.0]]","[4.734370409055884, 163.5987627449657, 5.807105187534992, -89.89128767885204]"
506,4,"[[663.0, 216.0], [706.0, 215.0], [705.0, 256.0], [662.0, 257.0]]","[3.2405867362586496, 175.93835305881544, 16.40848565587469, 0.9260970219694423]"
506,7,"[[454.0, 371.0], [455.0, 343.0], [481.0, 344.0], [481.0, 371.0]]","[4.674931337779252, -164.20627342248218, -0.8386800638084755, -88.99803655454832]"
507,4,"[[653.0, 202.0], [697.0, 202.0], [696.0, 245.0], [651.0, 245.0]]","[3.1152757815743284, 178.60348752277798, 10.462919010411373, 1.7580263388212185]"
507,7,"[[435.0, 359.0], [436.0, 330.0], [463.0, 330.0], [462.0, 359.0]]","[4.42041379128476, 158.35579153155385, -4.3912566904835355, -88.08787395855029]"
508,4,"[[659.0, 208.0], [705.0, 207.0], [703.0, 253.0], [657.0, 252.0]]","[3.003108929830653, -175.0773427539262, 21.173899465933623, 3.0729654394843253]"
508,7,"[[434.0, 367.0], [434.0, 338.0], [462.0, 338.0], [461.0, 368.0]]","[4.35907671174559, 159.03951133639947, 0.27653559594655724, -89.05996194434411]"
509,4,"[[659.0, 208.0], [708.0, 208.0], [706.0, 256.0], [657.0, 255.0]]","[2.838879226075944, -178.5373124013745, 10.531636281570817, 2.160970087204453]"
509,7,"[[419.0, 374.0], [420.0, 344.0], [449.0, 345.0], [448.0, 376.0]]","[4.209387588684811, 162.71232378970203, 2.708583354070972, -88.05853611756858]"
510,4,"[[626.0, 216.0], [677.0, 217.0], [674.0, 267.0], [623.0, 264.0]]","[2.677406291392259, -161.1279100269492, 14.726083748855014, 4.435706283971281]"
510,7,"[[372.0, 391.0], [373.0, 359.0], [403.0, 360.0], [403.0, 392.0]]","[4.032940706027588, -156.81348663672875, -5.22061752737063, -89.57142467106563]"
511,4,"[[585.0, 229.0], [639.0, 229.0], [639.0, 281.0], [584.0, 282.0]]","[2.4614927834815408, 173.16071812564107, 7.5270346817105676, 0.5029728652508212]"
511,7,"[[321.0, 415.0], [321.0, 382.0], [354.0, 383.0], [354.0, 416.0]]","[3.8949982514500157, 174.46979430208913, 6.8559053239318315, -89.1566769022528]"
512,4,"[[562.0, 212.0], [618.0, 213.0], [617.0, 267.0], [561.0, 267.0]]","[2.376284220737166, 175.00452669620694, 3.639463259089768, 1.190210911306816]"
512,7,"[[291.0, 407.0], [291.0, 373.0], [325.0, 373.0], [325.0, 408.0]]","[3.779167569358263, 173.55535473419738, 2.674017250949769, -89.65224887672983]"
513,4,"[[550.0, 200.0], [608.0, 200.0], [606.0, 257.0], [548.0, 256.0]]","[2.293200556150932, 175.28746661365335, 8.446582587322714, 1.7736800580753074]"
513,7,"[[273.0, 404.0], [273.0, 369.0], [308.0, 369.0], [307.0, 405.0]]","[3.697732240565692, 171.90475214851676, -0.11421585952391924, -89.35058441885403]"
514,4,"[[519.0, 208.0], [581.0, 209.0], [580.0, 269.0], [518.0, 268.0]]","[2.1211672282575464, 172.12070855881552, 2.0392374215994824, 1.3024728821253544]"
514,7,"[[227.0, 424.0], [227.0, 386.0], [264.0, 386.0], [264.0, 424.0]]","[3.5013856239565797, 173.3006134926326, -0.39074170205279174, -90.2195600642264]"
515,4,"[[512.0, 193.0], [579.0, 193.0], [578.0, 259.0], [511.0, 258.0]]","[1.9667731784338645, 174.73635177096816, 3.331328134098174, 0.9646452305668302]"
515,7,"[[205.0, 427.0], [205.0, 387.0], [244.0, 387.0], [244.0, 427.0]]","[3.346066042305422, 173.78345265341682, -0.29083836789185874, -90.21080825182621]"
516,4,"[[507.0, 195.0], [577.0, 194.0], [577.0, 262.0], [507.0, 263.0]]","[1.8821983837929028, 173.3437615131443, 4.513184744242472, -0.07689611126120996]"
516,7,"[[194.0, 441.0], [193.0, 400.0], [232.0, 399.0], [233.0, 440.0]]","[3.280752260514846, 170.70939595382325, -0.9539908115221274, -91.80235380662495]"
517,4,"[[463.0, 193.0], [536.0, 194.0], [535.0, 266.0], [461.0, 265.0]]","[1.7758902084153922, 173.74827922655354, 2.0411049456849657, 1.1337361657679004]"
517,7,"[[128.0, 448.0], [129.0, 406.0], [172.0, 406.0], [170.0, 449.0]]","[3.2368479425372993, 178.61244794764332, -2.8353705605542063, -89.1534358339753]"
518,4,"[[352.0, 209.0], [431.0, 208.0], [433.0, 284.0], [351.0, 285.0]]","[1.6211326181596935, 166.31541130200569, -1.458986641162232, -0.9600205594537405]"
519,4,"[[282.0, 192.0], [369.0, 193.0], [369.0, 270.0], [280.0, 269.0]]","[1.5178545619661579, 159.0282567513037, -5.56804040764374, -0.21550958663693895]"
520,4,"[[152.0, 164.0], [249.0, 167.0], [248.0, 250.0], [150.0, 250.0]]","[1.457204999771469, 162.19448448538841, -10.109263333408155, -0.7945421709543886]"
521,4,"[[6.0, 181.0], [111.0, 183.0], [109.0, 273.0], [3.0, 272.0]]","[1.4632563773693334, 164.90505207320123, -14.695924240275033, -1.0708237854052793]"
533,6,"[[312.0, 235.0], [321.0, 235.0], [321.0, 243.0], [312.0, 243.0]]","[14.853365149046304, 160.51767191964603, -5.9912291212903055, -0.8778157810064445]"
534,6,"[[326.0, 247.0], [335.0, 247.0], [335.0, 255.0], [326.0, 255.0]]","[14.758713850201259, 159.72566317345348, -5.686437680855065, -0.7414318900191004]"
535,6,"[[365.0, 254.0], [373.0, 254.0], [373.0, 263.0], [365.0, 263.0]]","[14.547863393110944, -175.3549628128044, 21.811133642594434, 2.2350741111815977]"
537,6,"[[386.0, 229.0], [394.0, 229.0], [394.0, 238.0], [386.0, 238.0]]","[14.625540078328498, -173.66526682955822, 22.29700377529007, 2.9339242248729662]"
538,6,"[[395.0, 230.0], [404.0, 230.0], [404.0, 239.0], [395.0, 238.0]]","[15.381032423946294, -164.09922104257984, -0.010341919694677515, 2.1615270217662728]"
539,6,"[[401.0, 239.0], [409.0, 239.0], [409.0, 248.0], [401.0, 248.0]]","[14.563441774791709, -173.8373298611272, 23.2450122343373, 2.8316977065569033]"
548,6,"[[428.0, 227.0], [437.0, 227.0], [437.0, 236.0], [428.0, 236.0]]","[14.474590976128638, 179.84621550781577, 0.29742184678984296, 0.01669217928701926]"
550,6,"[[438.0, 242.0], [447.0, 242.0], [447.0, 251.0], [438.0, 251.0]]","[14.438212364791095, -179.84700229975584, 0.16638882511809985, 0.011148995790944735]"
554,6,"[[492.0, 232.0], [502.0, 232.0], [502.0, 243.0], [492.0, 243.0]]","[11.928145720383965, -173.43196263622428, -21.380249611778844, -2.712871065383049]"
556,6,"[[501.0, 242.0], [512.0, 243.0], [512.0, 253.0], [501.0, 253.0]]","[11.70859734629065, 166.35707278519712, -5.891202331674835, 2.0249771947741038]"
557,6,"[[493.0, 246.0], [504.0, 245.0], [503.0, 256.0], [493.0, 256.0]]","[11.894854358395008, 168.95877660225432, 18.93594805186228, -0.5658062820314546]"
558,6,"[[482.0, 248.0], [492.0, 248.0], [492.0, 260.0], [482.0, 259.0]]","[11.290694899946503, -166.58054014902723, 30.7574323616528, 6.567586671946838]"
561,6,"[[445.0, 232.0], [456.0, 232.0], [456.0, 243.0], [445.0, 243.0]]","[11.827980260736087, 179.9948440863047, -0.031933032622141706, -0.002001078863654105]"
564,6,"[[462.0, 248.0], [473.0, 248.0], [473.0, 260.0], [462.0, 260.0]]","[10.870667831963143, -173.7091825839421, -22.303605635865534, -2.4648490330166237]"
565,6,"[[464.0, 251.0], [476.0, 251.0], [477.0, 263.0], [465.0, 263.0]]","[10.384534232660828, 169.02517933179283, -15.479070808876374, -1.6045685699123944]"
566,6,"[[461.0, 255.0], [473.0, 254.0], [473.0, 266.0], [461.0, 267.0]]","[10.39591342504577, 168.5314400903271, 16.026019180230154, -3.139969776123895]"
567,6,"[[455.0, 270.0], [467.0, 270.0], [467.0, 283.0], [455.0, 282.0]]","[10.277490623494336, -167.14913402610867, 17.48296715546459, 3.881191291046439]"
568,6,"[[447.0, 258.0], [459.0, 257.0], [460.0, 270.0], [448.0, 270.0]]","[10.291205969737524, -167.04497347441358, 17.428399561375024, -0.6565800321503612]"
570,6,"[[424.0, 250.0], [437.0, 249.0], [438.0, 262.0], [425.0, 263.0]]","[9.95501907607793, -179.76814583903075, 0.5018380663427275, -4.368452570162462]"
571,6,"[[426.0, 267.0], [439.0, 265.0], [440.0, 279.0], [427.0, 279.0]]","[9.912055059045425, -177.50102000423988, 5.423083194483731, -4.015859332648648]"
573,6,"[[461.0, 252.0], [475.0, 251.0], [475.0, 265.0], [462.0, 265.0]]","[9.57962286232427, -167.15158463628543, 3.8469243099195327, -1.5762679250846336]"
574,6,"[[472.0, 251.0], [486.0, 251.0], [487.0, 264.0], [473.0, 265.0]]","[9.183609416108848, 168.26088219559387, -6.440590006438486, -2.6299056975694293]"
575,6,"[[475.0, 255.0], [489.0, 254.0], [490.0, 268.0], [475.0, 269.0]]","[8.883825590598702, 168.18887673760213, 7.203958270851516, -3.2368471924733035]"
576,6,"[[467.0, 272.0], [481.0, 271.0], [482.0, 285.0], [468.0, 286.0]]","[9.220340090411593, -179.02433105478366, -0.8345786916379455, -4.135660925973341]"
579,6,"[[413.0, 256.0], [428.0, 255.0], [429.0, 270.0], [415.0, 271.0]]","[8.911594922724309, -172.47674668049785, 4.979176147249292, -4.1290882079378415]"
580,6,"[[400.0, 277.0], [415.0, 276.0], [416.0, 291.0], [401.0, 292.0]]","[8.61049514827328, -179.68729555084272, 1.2812263625755036, -3.7533719910806456]"
582,6,"[[438.0, 267.0], [454.0, 266.0], [455.0, 281.0], [439.0, 283.0]]","[8.016053796807562, -158.72984677337462, -6.466803197242875, -5.948018209622469]"
583,6,"[[439.0, 258.0], [455.0, 257.0], [456.0, 273.0], [440.0, 274.0]]","[8.08492184220729, -179.3901126541446, 0.180046482475052, -3.564596339461101]"
584,6,"[[447.0, 263.0], [464.0, 262.0], [465.0, 278.0], [448.0, 279.0]]","[7.606814450507408, 164.90463357898983, -0.5445906500624389, -3.412136995863512]"
585,6,"[[448.0, 262.0], [465.0, 260.0], [466.0, 276.0], [449.0, 278.0]]","[7.5038958146833785, 162.75253210717943, 7.942121741034456, -5.995284776247476]"
586,6,"[[457.0, 240.0], [474.0, 239.0], [475.0, 256.0], [458.0, 257.0]]","[7.628193229344014, -179.78786460453514, -0.3661070626222814, -3.3889977110870175]"
587,6,"[[447.0, 263.0], [465.0, 262.0], [466.0, 279.0], [448.0, 280.0]]","[7.1852765701452, 165.43121445224168, -0.4913228661081794, -3.2199619662315753]"
588,6,"[[425.0, 257.0], [443.0, 256.0], [444.0, 274.0], [426.0, 275.0]]","[7.19044053740412, -179.5369011746141, 0.5268644241018103, -3.1475808956689226]"
591,6,"[[432.0, 245.0], [452.0, 244.0], [453.0, 263.0], [433.0, 264.0]]","[6.48394337473312, 167.0967950672614, -0.913100358579821, -2.969026137473009]"
592,6,"[[442.0, 261.0], [462.0, 259.0], [463.0, 279.0], [444.0, 281.0]]","[6.430628776867993, -167.56505345547393, -13.071991438616317, -7.086142458122779]"
593,6,"[[442.0, 264.0], [462.0, 263.0], [463.0, 284.0], [443.0, 285.0]]","[6.173689076956005, -175.49440130928133, 17.002225932639497, -1.3871341217490045]"
594,6,"[[421.0, 284.0], [443.0, 283.0], [444.0, 303.0], [423.0, 305.0]]","[5.997590146040789, -158.576734590345, -1.5115607546314416, -4.147464272703034]"
595,6,"[[377.0, 284.0], [400.0, 283.0], [401.0, 305.0], [379.0, 306.0]]","[5.752561317867486, -163.88557041151842, 0.4696856366310499, -2.5403409829544277]"
596,6,"[[367.0, 283.0], [390.0, 281.0], [392.0, 303.0], [369.0, 305.0]]","[5.64715929064705, 167.8478927304551, -3.8758329600465657, -5.301913712650635]"
597,6,"[[365.0, 285.0], [388.0, 283.0], [390.0, 306.0], [367.0, 308.0]]","[5.613549037436023, 179.98115613644444, 1.5941585851517814, -4.916438489602005]"
598,6,"[[370.0, 281.0], [394.0, 279.0], [396.0, 302.0], [372.0, 304.0]]","[5.410106159051058, 168.1798186654612, -3.638316464682511, -5.0807563702991425]"
599,6,"[[371.0, 278.0], [396.0, 276.0], [398.0, 300.0], [373.0, 303.0]]","[5.151395583339605, -162.76495873533403, -11.016438653166393, -6.638849266689411]"
600,6,"[[373.0, 283.0], [399.0, 280.0], [401.0, 306.0], [375.0, 308.0]]","[4.951696391732221, 171.47841566184604, 2.5739321080143798, -5.409658629508851]"
601,6,"[[360.0, 299.0], [387.0, 297.0], [389.0, 323.0], [362.0, 325.0]]","[4.8171215756995345, 168.6260572943975, -4.350635179234347, -4.502149683768897]"
602,6,"[[367.0, 282.0], [394.0, 280.0], [396.0, 308.0], [369.0, 309.0]]","[4.699518856338788, -173.5818300240911, 8.407399637769585, -2.661730532197529]"
603,6,"[[362.0, 291.0], [390.0, 289.0], [392.0, 316.0], [364.0, 318.0]]","[4.644769560311895, 169.15536218046333, -3.969661875578569, -4.367084184994242]"
604,6,"[[352.0, 292.0], [381.0, 291.0], [383.0, 319.0], [354.0, 321.0]]","[4.486601356953397, 174.23024986559653, -10.460187697093348, -3.523884005943395]"
605,6,"[[362.0, 295.0], [391.0, 291.0], [394.0, 321.0], [365.0, 323.0]]","[4.428123661483342, -179.57961269739945, 4.219099587947574, -5.754140555370844]"
606,6,"[[360.0, 294.0], [390.0, 291.0], [393.0, 321.0], [362.0, 323.0]]","[4.2557484292106, 169.30145736856053, -3.475066526044315, -4.996476016372764]"
607,6,"[[394.0, 297.0], [425.0, 295.0], [427.0, 325.0], [397.0, 328.0]]","[4.207952978654064, -173.21566875586115, -9.263826492738936, -5.291523965213973]"
608,6,"[[415.0, 289.0], [447.0, 288.0], [447.0, 320.0], [416.0, 321.0]]","[4.018743552489572, -171.28597359054268, -13.036241358591234, -2.5648463770687755]"
609,6,"[[434.0, 287.0], [467.0, 285.0], [468.0, 319.0], [437.0, 320.0]]","[3.841432510115572, -173.9064867823787, 17.311604286243202, -1.639861444614821]"
610,6,"[[439.0, 314.0], [473.0, 312.0], [474.0, 347.0], [440.0, 348.0]]","[3.715816141755071, 176.90277255109234, 11.499734954316631, -2.273843748579741]"
611,6,"[[441.0, 315.0], [476.0, 313.0], [478.0, 348.0], [443.0, 350.0]]","[3.673364000676826, -178.88157211811276, -2.9856555215673595, -3.332129419730841]"
612,6,"[[437.0, 296.0], [473.0, 293.0], [476.0, 329.0], [440.0, 331.0]]","[3.5642108740658847, -167.8012215883491, 5.446470260479902, -3.6983979709035495]"
613,6,"[[431.0, 291.0], [468.0, 288.0], [471.0, 325.0], [434.0, 328.0]]","[3.475846735572389, -178.68142853838594, 1.3491214052187273, -4.583938178460644]"
614,6,"[[428.0, 286.0], [466.0, 283.0], [469.0, 320.0], [431.0, 323.0]]","[3.390078442734552, 170.2195549611072, -0.798552848946478, -4.567085767216213]"
615,6,"[[423.0, 288.0], [462.0, 284.0], [465.0, 323.0], [426.0, 326.0]]","[3.2902904751685242, 173.06384007683997, 4.103568377966604, -4.981770022576595]"
616,6,"[[435.0, 285.0], [476.0, 282.0], [479.0, 323.0], [439.0, 326.0]]","[3.1313730301849563, -172.7329112311383, 9.79870946900583, -3.684136882716682]"
617,6,"[[487.0, 290.0], [530.0, 286.0], [534.0, 328.0], [491.0, 332.0]]","[3.003906041555907, 171.2436645102072, 1.8833769862441807, -5.223637007631719]"
618,6,"[[534.0, 281.0], [579.0, 277.0], [582.0, 321.0], [537.0, 325.0]]","[2.9423360907086056, -174.3884549398678, 6.090534480380282, -4.347836154944229]"
619,6,"[[550.0, 269.0], [596.0, 265.0], [599.0, 312.0], [553.0, 315.0]]","[2.7992308536632406, -177.2141474348245, 19.355142301261917, -3.1589911689625154]"
620,6,"[[593.0, 268.0], [643.0, 264.0], [646.0, 312.0], [596.0, 315.0]]","[2.7401840469165992, 176.00950045703826, 6.934585815861318, -3.525111777415415]"
621,6,"[[633.0, 268.0], [685.0, 264.0], [688.0, 314.0], [636.0, 317.0]]","[2.651433029828456, 174.07621112183318, 13.660473494106514, -3.400038844548695]"
622,6,"[[765.0, 249.0], [825.0, 246.0], [826.0, 301.0], [768.0, 303.0]]","[2.5098718212070046, -165.35211922709604, 26.255882851776803, -0.43090763768308377]"
654,0,"[[492.0, 289.0], [500.0, 288.0], [500.0, 296.0], [492.0, 297.0]]","[15.23243002402393, 162.7738502004708, 21.27151489813563, -5.804403253027985]"
655,0,"[[495.0, 280.0], [503.0, 279.0], [504.0, 287.0], [495.0, 288.0]]","[15.030194999787216, 162.0349111779683, 10.138905672606818, -6.000534320823126]"
659,0,"[[530.0, 247.0], [539.0, 247.0], [539.0, 256.0], [530.0, 256.0]]","[14.469288424585299, 179.80004627794557, -1.5354542919732328, -0.07254901144738812]"
660,0,"[[537.0, 251.0], [546.0, 251.0], [546.0, 260.0], [537.0, 260.0]]","[14.47054840089288, 179.7966533111523, -1.6347886022205393, -0.07324990810726358]"
664,0,"[[509.0, 260.0], [519.0, 259.0], [519.0, 269.0], [510.0, 270.0]]","[12.890168391681026, -166.38856916083995, -15.136543769108627, -7.35507208640187]"
667,0,"[[544.0, 263.0], [554.0, 263.0], [555.0, 272.0], [545.0, 273.0]]","[12.883456045591247, 165.15739170427585, -5.002807247313287, -3.182965371470828]"
668,0,"[[550.0, 266.0], [559.0, 266.0], [560.0, 275.0], [551.0, 276.0]]","[13.505977223643496, 175.68922288978553, -16.05855088157711, -4.432818868880092]"
670,0,"[[540.0, 283.0], [551.0, 282.0], [551.0, 292.0], [541.0, 293.0]]","[12.324428858117502, -157.93481412626227, -0.7907874185688539, -5.4583234728658585]"
673,0,"[[508.0, 278.0], [519.0, 277.0], [519.0, 287.0], [509.0, 288.0]]","[12.242465942848245, -156.6545630300851, -2.7537201205243598, -5.608813531763978]"
674,0,"[[514.0, 288.0], [525.0, 288.0], [525.0, 298.0], [515.0, 299.0]]","[12.29616423260549, -177.4551018991548, -3.540848613629794, -2.9974602903278202]"
675,0,"[[527.0, 271.0], [538.0, 270.0], [539.0, 281.0], [527.0, 282.0]]","[11.24976381889766, 166.2483210179201, 10.71309393742461, -4.119841374714702]"
676,11,"[[413.0, 495.0], [424.0, 490.0], [439.0, 492.0], [428.0, 497.0]]","[7.028208197505793, 102.82866430861488, -54.69805902317949, -14.155155788388841]"
676,0,"[[530.0, 262.0], [541.0, 262.0], [541.0, 273.0], [530.0, 273.0]]","[11.81345313349496, 179.93803430639815, -1.676707040913232, -0.07294599404711598]"
677,0,"[[539.0, 262.0], [550.0, 261.0], [551.0, 272.0], [539.0, 273.0]]","[11.302065912182124, 167.01278592240885, 11.118409053184973, -3.973261510851751]"
678,0,"[[538.0, 277.0], [549.0, 276.0], [550.0, 287.0], [538.0, 288.0]]","[11.270913956210908, 166.16671386924122, 11.458902084746894, -4.151426630192424]"
679,0,"[[537.0, 273.0], [548.0, 272.0], [549.0, 284.0], [538.0, 285.0]]","[10.810944703962596, -175.90948732818686, -18.662247415141803, -6.506155900174295]"
680,0,"[[517.0, 271.0], [529.0, 270.0], [530.0, 282.0], [518.0, 283.0]]","[10.768682066182047, -179.74808423357229, -1.6429380617049674, -4.838641317350755]"
681,0,"[[506.0, 263.0], [518.0, 262.0], [519.0, 274.0], [507.0, 275.0]]","[10.771596947213826, -179.72903207723317, -1.4335915313025063, -4.836670541156347]"
682,11,"[[388.0, 536.0], [399.0, 529.0], [416.0, 530.0], [405.0, 537.0]]","[6.487833961134961, 104.11379406141268, -59.00553226762635, -19.533614991232056]"
682,0,"[[503.0, 267.0], [515.0, 266.0], [516.0, 278.0], [504.0, 279.0]]","[10.76434572285809, -179.6490611448576, -1.4407694589532307, -4.837009606337162]"
683,0,"[[495.0, 278.0], [506.0, 276.0], [508.0, 288.0], [496.0, 289.0]]","[11.146372064279397, -175.67235761340422, 9.787054460006198, -6.846855755621006]"
684,0,"[[523.0, 281.0], [535.0, 280.0], [536.0, 292.0], [524.0, 294.0]]","[10.270793488810703, -169.34174913086542, -13.1290636319662, -7.903038309613088]"
685,0,"[[513.0, 265.0], [525.0, 264.0], [526.0, 277.0], [514.0, 278.0]]","[9.979732305061194, -175.26058001620424, -18.645205359985084, -6.290065787786645]"
686,11,"[[368.0, 557.0], [381.0, 549.0], [401.0, 551.0], [389.0, 559.0]]","[5.54661758248111, 104.19746427792715, -62.08727597390713, -16.92934348210288]"
686,0,"[[501.0, 259.0], [513.0, 258.0], [514.0, 271.0], [502.0, 272.0]]","[9.985997931296353, -174.6902633102985, -19.06253354808307, -6.481661175708433]"
687,11,"[[348.0, 561.0], [361.0, 553.0], [382.0, 555.0], [369.0, 564.0]]","[5.42915205021404, 106.5689790415929, -62.679857425018525, -18.180513484449868]"
687,0,"[[484.0, 255.0], [498.0, 254.0], [499.0, 267.0], [486.0, 268.0]]","[9.490052702031514, -156.65521730910848, 10.685844912122956, -3.1546698701113263]"
688,11,"[[335.0, 593.0], [349.0, 583.0], [371.0, 585.0], [357.0, 595.0]]","[5.183084763482015, -133.29883708056153, 36.3565740563898, -41.35812307033203]"
688,0,"[[467.0, 265.0], [480.0, 263.0], [482.0, 277.0], [468.0, 279.0]]","[9.138163926273732, 176.8304100718219, 17.300924612530412, -6.961287272282408]"
689,11,"[[330.0, 597.0], [346.0, 586.0], [367.0, 587.0], [352.0, 599.0]]","[5.060468731808227, 105.92138040768586, -58.84499556844971, -23.118856519941005]"
689,0,"[[458.0, 260.0], [472.0, 258.0], [473.0, 272.0], [460.0, 274.0]]","[9.143677228068888, -166.23816190476737, -14.452617768059513, -9.803747586499954]"
690,0,"[[446.0, 253.0], [460.0, 251.0], [462.0, 265.0], [448.0, 267.0]]","[9.171990576925289, -179.52220034626652, -0.011401402243262573, -8.132598747212413]"
691,11,"[[312.0, 605.0], [327.0, 593.0], [350.0, 594.0], [335.0, 606.0]]","[4.927463209725575, -131.39808628964636, 32.53386356661826, -42.977712449450095]"
691,0,"[[440.0, 255.0], [453.0, 253.0], [455.0, 267.0], [442.0, 269.0]]","[9.204280917384198, -175.6928818226323, 20.986482213841345, -6.578282018562857]"
692,11,"[[306.0, 624.0], [323.0, 612.0], [347.0, 614.0], [331.0, 626.0]]","[4.642682385948538, 103.4290901918277, -62.97902411581384, -18.652411685037396]"
692,0,"[[443.0, 264.0], [456.0, 262.0], [459.0, 277.0], [444.0, 279.0]]","[8.57919217959762, -176.59106928682255, 20.56792746723043, -6.3265705311382145]"
693,11,"[[322.0, 605.0], [339.0, 593.0], [364.0, 595.0], [346.0, 608.0]]","[4.501682419076788, 105.49993120346099, -59.80687312643669, -20.725103687049902]"
693,0,"[[467.0, 238.0], [481.0, 236.0], [483.0, 250.0], [468.0, 252.0]]","[8.851141750521993, 168.63425150836898, 6.4776629560235195, -7.103621401519612]"
694,11,"[[304.0, 599.0], [322.0, 586.0], [346.0, 589.0], [329.0, 602.0]]","[4.520987986203043, 109.7929793631946, -60.211372830803704, -23.818624308601287]"
694,0,"[[455.0, 227.0], [470.0, 225.0], [472.0, 240.0], [457.0, 242.0]]","[8.602973961698817, 179.9574977823985, -0.30443946295827123, -7.613340775350397]"
695,11,"[[305.0, 616.0], [324.0, 602.0], [349.0, 605.0], [331.0, 619.0]]","[4.331069639281552, 108.21718782737197, -59.853025316337366, -23.168033053797252]"
695,0,"[[465.0, 228.0], [480.0, 226.0], [482.0, 241.0], [467.0, 243.0]]","[8.602362469531856, 179.9807834247981, -0.5012417925618783, -7.62532556311754]"
696,11,"[[307.0, 621.0], [327.0, 607.0], [353.0, 611.0], [333.0, 626.0]]","[4.176271164273426, 108.48042703197255, -58.08601713007946, -21.725784295633908]"
696,0,"[[473.0, 227.0], [489.0, 225.0], [490.0, 241.0], [475.0, 242.0]]","[8.34396060697877, -164.41650677390027, 5.754584475474628, -4.655886197569111]"
697,11,"[[296.0, 649.0], [316.0, 634.0], [344.0, 638.0], [325.0, 653.0]]","[4.021861851997124, 106.19614517184982, -62.67259702149463, -19.389979336558067]"
697,0,"[[470.0, 238.0], [485.0, 237.0], [487.0, 252.0], [472.0, 254.0]]","[8.299778584607171, 179.55191042156525, -14.158903376816182, -7.28107581647368]"
698,11,"[[299.0, 666.0], [320.0, 650.0], [348.0, 655.0], [329.0, 671.0]]","[3.961839466061417, 107.30661048639026, -62.12122001971378, -19.691131693820996]"
698,0,"[[481.0, 247.0], [497.0, 245.0], [499.0, 261.0], [483.0, 262.0]]","[8.013138722577756, -157.71880576802886, 10.576164941203857, -4.188859766504402]"
699,11,"[[296.0, 666.0], [319.0, 649.0], [347.0, 655.0], [323.0, 672.0]]","[3.84662396327694, -136.16604183921112, 22.6103212661182, -40.0401889241146]"
699,0,"[[488.0, 237.0], [504.0, 235.0], [506.0, 251.0], [490.0, 252.0]]","[8.027067252964438, -156.85083957179606, 11.257168001911095, -3.9887313838159937]"
700,11,"[[266.0, 701.0], [290.0, 683.0], [320.0, 689.0], [297.0, 708.0]]","[3.7046982452344235, 106.75350334316543, -60.921218446783605, -19.022526885622483]"
700,0,"[[475.0, 249.0], [491.0, 248.0], [493.0, 264.0], [476.0, 265.0]]","[7.78822794233831, 169.2895188139017, -5.505461893438647, -3.979618880869185]"
701,0,"[[481.0, 248.0], [498.0, 245.0], [500.0, 262.0], [484.0, 264.0]]","[7.760963083457381, -167.33762929110904, 7.621175125149142, -7.696649862227596]"
702,0,"[[478.0, 264.0], [495.0, 263.0], [497.0, 280.0], [480.0, 281.0]]","[7.375099964166498, 170.9388687364276, -12.44729871300337, -4.406353882374441]"
703,0,"[[502.0, 258.0], [520.0, 256.0], [521.0, 273.0], [504.0, 274.0]]","[7.404928901307076, -155.239605194078, 5.831230236684037, -4.298525397739794]"
704,0,"[[507.0, 250.0], [525.0, 248.0], [527.0, 266.0], [509.0, 268.0]]","[7.174043780462833, -179.86119987016974, -1.381920139261129, -6.411866164656914]"
705,0,"[[510.0, 247.0], [528.0, 245.0], [529.0, 264.0], [511.0, 265.0]]","[7.022057059023384, -178.83684321727526, 18.07721761949833, -2.8680178605945423]"
706,0,"[[511.0, 249.0], [529.0, 248.0], [530.0, 266.0], [512.0, 268.0]]","[7.018193216424013, -169.740251136149, -9.894742327533095, -5.662489270969829]"
707,0,"[[514.0, 252.0], [533.0, 251.0], [534.0, 269.0], [515.0, 270.0]]","[6.860260297896259, 166.79808220868114, 2.1290033423006487, -2.7413032720948713]"
708,0,"[[514.0, 263.0], [533.0, 262.0], [534.0, 280.0], [515.0, 282.0]]","[6.828441166708117, -161.8751454513415, -0.07886725992483923, -4.512539427472006]"
709,4,"[[793.0, 154.0], [803.0, 150.0], [802.0, 185.0], [792.0, 188.0]]","[4.1390256908781655, -53.15510840416902, 83.36248571016147, 126.60315934991866]"
709,0,"[[488.0, 240.0], [507.0, 239.0], [508.0, 259.0], [489.0, 260.0]]","[6.526857382560043, -174.430797981344, -14.760117325560572, -4.593406613963094]"
710,0,"[[476.0, 252.0], [495.0, 250.0], [497.0, 269.0], [477.0, 271.0]]","[6.604029557292268, 170.37009675953283, 6.25751443402192, -5.241770090520748]"
711,4,"[[773.0, 157.0], [785.0, 152.0], [785.0, 189.0], [774.0, 192.0]]","[3.928323524228052, -72.19047377722491, 85.19030508012888, 105.30238945679184]"
711,0,"[[458.0, 249.0], [478.0, 248.0], [479.0, 268.0], [459.0, 270.0]]","[6.3061468467161195, -168.06586649629543, -12.13718350678753, -5.5093482006673105]"
712,4,"[[775.0, 144.0], [787.0, 140.0], [788.0, 179.0], [776.0, 182.0]]","[3.6972472723902183, -71.3581432957986, 83.32812843396164, 104.85673984542578]"
712,0,"[[451.0, 248.0], [472.0, 246.0], [473.0, 267.0], [453.0, 269.0]]","[6.148777141581616, -167.18595241474557, -11.652893388256059, -6.806786242571738]"
713,0,"[[451.0, 240.0], [473.0, 238.0], [474.0, 258.0], [453.0, 261.0]]","[5.961164046899461, -153.29485423355007, -5.586311059763048, -7.27060393497898]"
714,0,"[[465.0, 220.0], [487.0, 218.0], [488.0, 240.0], [466.0, 241.0]]","[5.899771884224937, 172.54981741632216, 5.510870087028952, -3.1898243382930036]"
715,0,"[[491.0, 212.0], [514.0, 210.0], [515.0, 234.0], [492.0, 235.0]]","[5.586462401326806, -176.1626164934633, 13.703698332746706, -1.777826772961475]"
716,4,"[[915.0, 84.0], [935.0, 75.0], [935.0, 126.0], [913.0, 132.0]]","[3.0670007628278437, -60.03028793448613, 83.07637072851094, 118.80912568820307]"
716,0,"[[499.0, 209.0], [523.0, 207.0], [524.0, 231.0], [500.0, 232.0]]","[5.450298672182541, 174.0850419083394, 5.921277190539085, -2.715757255466135]"
717,0,"[[501.0, 231.0], [525.0, 230.0], [526.0, 254.0], [502.0, 255.0]]","[5.420281923362237, 179.8731137035235, -1.210931678098371, -2.450715726301398]"
718,0,"[[495.0, 224.0], [521.0, 223.0], [522.0, 248.0], [496.0, 250.0]]","[5.016246378767104, -160.31933007592025, 0.6623723717509195, -3.200395546132039]"
719,0,"[[495.0, 224.0], [521.0, 223.0], [522.0, 248.0], [496.0, 250.0]]","[5.016246378767104, -160.31933007592025, 0.6623723717509195, -3.200395546132039]"
720,0,"[[493.0, 224.0], [520.0, 222.0], [521.0, 248.0], [495.0, 250.0]]","[4.910690411989424, -159.82557564239713, 1.3601184928050045, -4.091680753654881]"
721,0,"[[492.0, 240.0], [519.0, 238.0], [521.0, 265.0], [494.0, 267.0]]","[4.799949542392911, -179.92073384301895, -1.1817416065090272, -4.30063130151621]"
722,0,"[[526.0, 232.0], [554.0, 230.0], [555.0, 258.0], [527.0, 260.0]]","[4.714649775126915, -177.11984621189364, 7.642434472617727, -2.6064175881084006]"
723,0,"[[532.0, 232.0], [561.0, 230.0], [563.0, 259.0], [534.0, 261.0]]","[4.489852242704939, 179.7873963665803, -1.6244418640751392, -4.019163817599423]"
724,0,"[[540.0, 230.0], [570.0, 228.0], [572.0, 257.0], [542.0, 259.0]]","[4.379198200186887, 171.73009241347478, 2.2622662360523127, -3.4528520280994375]"
725,0,"[[555.0, 230.0], [586.0, 228.0], [587.0, 259.0], [556.0, 261.0]]","[4.228363061205797, -168.15264863001005, -0.6620769744066518, -3.625148308174836]"
726,0,"[[544.0, 232.0], [577.0, 229.0], [579.0, 261.0], [546.0, 264.0]]","[3.9850760084394263, 172.3173387015966, 9.484127305814674, -4.0831113572656355]"
727,0,"[[508.0, 241.0], [541.0, 240.0], [543.0, 272.0], [509.0, 274.0]]","[3.889205811759588, 171.06248283907797, 1.244264063207076, -2.3004531088666544]"
728,0,"[[482.0, 233.0], [517.0, 231.0], [519.0, 265.0], [484.0, 267.0]]","[3.7151852658675204, 171.67176549332157, 0.8506602107818403, -3.1225349879783795]"
729,0,"[[454.0, 247.0], [490.0, 244.0], [492.0, 279.0], [456.0, 282.0]]","[3.579158453344032, 170.0361157189544, 6.034020745563901, -4.162543466381759]"
730,0,"[[450.0, 254.0], [486.0, 251.0], [489.0, 287.0], [453.0, 290.0]]","[3.585548958631272, -179.3472952632864, -0.51928557512862, -4.794878200146332]"
731,0,"[[454.0, 254.0], [492.0, 252.0], [495.0, 289.0], [457.0, 292.0]]","[3.3890823928594944, 174.10885467219424, -4.347703514611316, -4.0635515797156545]"
732,0,"[[432.0, 253.0], [471.0, 251.0], [474.0, 289.0], [435.0, 292.0]]","[3.3047819813190067, 174.47204205545012, -4.907174664841079, -4.041150223729507]"
733,0,"[[445.0, 242.0], [485.0, 239.0], [488.0, 278.0], [448.0, 281.0]]","[3.2347799642280726, 172.004847997973, -0.07288526337264764, -4.282952245632656]"
734,0,"[[453.0, 240.0], [494.0, 238.0], [497.0, 280.0], [455.0, 282.0]]","[3.082610849260365, 179.69347691335923, -7.641513113197991, -3.435525374891109]"
735,0,"[[453.0, 240.0], [494.0, 238.0], [497.0, 280.0], [455.0, 282.0]]","[3.082610849260365, 179.69347691335923, -7.641513113197991, -3.435525374891109]"
736,0,"[[426.0, 245.0], [471.0, 243.0], [473.0, 286.0], [429.0, 289.0]]","[2.9076375190606396, -161.5589605606527, -0.7206049745145561, -3.3456212681697592]"
737,0,"[[391.0, 216.0], [436.0, 214.0], [440.0, 258.0], [394.0, 261.0]]","[2.8524096408719606, 172.85303279234782, -6.514075572441041, -3.96476023047519]"
738,0,"[[360.0, 230.0], [407.0, 228.0], [408.0, 274.0], [361.0, 276.0]]","[2.7603652607925526, 172.05855303165217, 2.683611923226106, -2.1992673410526704]"
739,0,"[[299.0, 228.0], [350.0, 224.0], [355.0, 272.0], [304.0, 277.0]]","[2.5957248678104063, 170.06839877562422, -6.578471068750435, -5.9525419524981285]"
740,0,"[[286.0, 204.0], [340.0, 199.0], [345.0, 251.0], [292.0, 255.0]]","[2.492871752446571, -156.6076467602726, -8.384525163091292, -6.157877697842662]"
741,0,"[[275.0, 194.0], [330.0, 191.0], [335.0, 244.0], [280.0, 248.0]]","[2.4420389959698485, 176.67681251465677, -8.947105657687269, -5.176983247072656]"
742,0,"[[270.0, 194.0], [328.0, 191.0], [331.0, 247.0], [274.0, 251.0]]","[2.3184190797482356, -158.92817872578684, -16.845685848440674, -6.300215094159633]"
743,0,"[[265.0, 220.0], [323.0, 216.0], [330.0, 273.0], [272.0, 278.0]]","[2.2867570672782347, -179.23514906675794, -17.465469813671696, -6.885847189362568]"
744,0,"[[228.0, 206.0], [291.0, 203.0], [295.0, 262.0], [233.0, 265.0]]","[2.1910075418323256, -156.18413665544585, -12.55897580291128, -4.65958923537415]"
745,0,"[[192.0, 195.0], [258.0, 194.0], [262.0, 255.0], [196.0, 258.0]]","[2.116709029160124, 173.19877176655933, -12.40075997882822, -3.694671916742234]"
746,0,"[[167.0, 190.0], [234.0, 188.0], [239.0, 253.0], [171.0, 255.0]]","[2.0905515392116194, -179.40627612232285, -10.254493770752655, -3.573300021785036]"
747,0,"[[140.0, 188.0], [212.0, 187.0], [217.0, 255.0], [146.0, 257.0]]","[2.005277644352031, -165.87950057436709, -11.487330565037412, -3.1153061122029033]"
748,0,"[[139.0, 182.0], [212.0, 180.0], [218.0, 247.0], [146.0, 250.0]]","[1.9848262899145057, -156.53486539830976, -14.345827442012522, -4.491427017928364]"
749,0,"[[61.0, 158.0], [143.0, 157.0], [147.0, 231.0], [67.0, 233.0]]","[1.8625611330379672, -155.324799832174, -23.978344732353406, -5.586935144895387]"
756,7,"[[825.0, 313.0], [820.0, 262.0], [876.0, 255.0], [882.0, 307.0]]","[2.7244266953826117, 157.61213278785817, -3.4801834793213673, -94.59949526260964]"
757,7,"[[711.0, 269.0], [708.0, 217.0], [762.0, 211.0], [764.0, 263.0]]","[2.6079833004764987, 176.33930034916753, 12.755097766909133, -96.8135475888964]"
758,7,"[[692.0, 266.0], [689.0, 215.0], [742.0, 209.0], [745.0, 261.0]]","[2.6357071738436084, 154.14591847446337, 1.6258285303184605, -93.9605141907473]"
759,7,"[[619.0, 243.0], [619.0, 193.0], [672.0, 188.0], [672.0, 240.0]]","[2.555660968014413, 159.36753827708, -6.593762174148969, -88.86007459717314]"
760,7,"[[572.0, 270.0], [570.0, 220.0], [621.0, 215.0], [622.0, 266.0]]","[2.6612204390162724, 172.43186558088763, 7.331726394723791, -94.0371204732344]"
761,7,"[[512.0, 271.0], [509.0, 222.0], [558.0, 217.0], [562.0, 267.0]]","[2.62838337417727, 169.592715247835, -0.36923146371845533, -94.00274892977808]"
762,7,"[[396.0, 253.0], [392.0, 203.0], [442.0, 199.0], [445.0, 249.0]]","[2.608010932876227, -170.79419156978147, 15.536079047952537, -93.41370019642561]"
763,7,"[[349.0, 267.0], [346.0, 216.0], [396.0, 213.0], [399.0, 263.0]]","[2.5804078969346276, -164.46676450646638, 14.5648946706325, -92.02799134189867]"
764,7,"[[320.0, 276.0], [315.0, 225.0], [367.0, 221.0], [371.0, 271.0]]","[2.5486579340307567, -168.04126810996135, 18.51149547483146, -92.70540409642085]"
765,7,"[[319.0, 279.0], [313.0, 227.0], [365.0, 223.0], [369.0, 274.0]]","[2.543745369728784, -163.335251856615, 11.088178407288463, -94.00319770294045]"
766,7,"[[333.0, 280.0], [328.0, 227.0], [380.0, 223.0], [385.0, 275.0]]","[2.4933982812295876, -165.27967231395442, 8.642801677425243, -94.49471398357493]"
767,7,"[[361.0, 281.0], [356.0, 228.0], [410.0, 224.0], [415.0, 277.0]]","[2.412817577849493, -173.52300183383582, -4.9805291843719495, -95.63674879056084]"
768,7,"[[398.0, 279.0], [392.0, 225.0], [446.0, 220.0], [451.0, 274.0]]","[2.4088939722512004, 176.74715773061635, 9.650364039474237, -95.52073922137261]"
769,7,"[[452.0, 284.0], [448.0, 228.0], [503.0, 224.0], [507.0, 280.0]]","[2.324960386086337, -172.49382228629452, 4.753479481383007, -94.26486278558886]"
770,7,"[[472.0, 262.0], [469.0, 204.0], [526.0, 200.0], [529.0, 258.0]]","[2.261506624108072, -174.39040179574533, 10.076091945239435, -93.59991639349529]"
771,7,"[[501.0, 274.0], [498.0, 213.0], [556.0, 209.0], [559.0, 270.0]]","[2.150830706075172, -167.2492131948608, 7.719146073545017, -93.55439211273664]"
772,7,"[[509.0, 279.0], [506.0, 216.0], [566.0, 213.0], [569.0, 275.0]]","[2.096649695550089, -168.80768430112948, 5.528548781886242, -93.36381231865528]"
773,7,"[[516.0, 279.0], [513.0, 215.0], [575.0, 211.0], [578.0, 274.0]]","[2.06331499259444, -172.54553474271523, 8.577364082308984, -93.69795962997866]"
774,7,"[[528.0, 260.0], [528.0, 188.0], [593.0, 186.0], [592.0, 257.0]]","[1.8537746195336613, -160.82142668767284, 10.973521298134663, -90.94234452359845]"
775,7,"[[548.0, 284.0], [544.0, 215.0], [610.0, 210.0], [613.0, 278.0]]","[1.9199471334745981, -169.36402223094467, 8.512950916365003, -94.1925174985582]"
776,7,"[[547.0, 258.0], [543.0, 188.0], [611.0, 182.0], [614.0, 252.0]]","[1.895263509333548, -172.06776247973013, 10.618855581764521, -94.48322665769895]"
777,7,"[[533.0, 262.0], [528.0, 185.0], [599.0, 179.0], [603.0, 255.0]]","[1.731716363397128, -164.37154352847008, 9.189030866389258, -94.65032391208477]"
778,7,"[[540.0, 266.0], [535.0, 187.0], [608.0, 182.0], [612.0, 258.0]]","[1.7068153609071683, -166.20049709444208, 8.687872452773666, -94.6237824213046]"
779,7,"[[568.0, 284.0], [563.0, 201.0], [640.0, 196.0], [642.0, 278.0]]","[1.607193008409548, -164.1852697993988, 7.550456549073114, -93.735107587485]"
780,7,"[[639.0, 319.0], [636.0, 229.0], [719.0, 223.0], [721.0, 311.0]]","[1.5002508809428672, -166.92149328088703, 8.302612043963293, -93.72747159941714]"
781,7,"[[638.0, 325.0], [637.0, 232.0], [722.0, 229.0], [722.0, 319.0]]","[1.4603881847279527, -166.3126906135785, 7.209482736175526, -92.1573419655653]"
782,7,"[[644.0, 334.0], [642.0, 240.0], [728.0, 235.0], [728.0, 327.0]]","[1.4355750256717745, -165.3077599093995, 8.138908635918908, -92.70035983367737]"
783,7,"[[641.0, 327.0], [640.0, 232.0], [725.0, 227.0], [726.0, 320.0]]","[1.4223854911779092, -164.29190646209582, 8.013203631197994, -92.70277685774911]"
784,7,"[[640.0, 316.0], [639.0, 218.0], [726.0, 213.0], [726.0, 309.0]]","[1.3825688694693692, -163.1044178307683, 8.719509089899477, -92.56264498237313]"
785,7,"[[671.0, 314.0], [669.0, 213.0], [759.0, 208.0], [758.0, 306.0]]","[1.3602047092391194, -163.74002768892626, 8.891668990867505, -92.8607132735022]"
786,7,"[[688.0, 297.0], [688.0, 195.0], [779.0, 190.0], [777.0, 290.0]]","[1.3545542637553962, -164.7086433304797, 9.897899930567897, -92.52576570625153]"
787,7,"[[710.0, 290.0], [710.0, 182.0], [805.0, 177.0], [802.0, 282.0]]","[1.2976845671921589, -164.15369101548313, 10.367926661796004, -92.67011058472747]"
788,7,"[[683.0, 302.0], [682.0, 192.0], [778.0, 186.0], [777.0, 292.0]]","[1.2633907322554976, -163.350612716048, 10.335059034393606, -93.2018121405212]"
789,7,"[[668.0, 333.0], [669.0, 219.0], [767.0, 215.0], [763.0, 325.0]]","[1.2055018374181852, -160.6794033193939, 9.61644715174455, -91.50190476583683]"
790,7,"[[687.0, 335.0], [690.0, 218.0], [789.0, 214.0], [785.0, 326.0]]","[1.1851285172517378, -161.00207753895833, 10.223866849648577, -91.45636645701526]"
791,7,"[[715.0, 335.0], [717.0, 214.0], [819.0, 210.0], [815.0, 326.0]]","[1.1583246642253002, -161.3596462271023, 9.350745344541824, -91.75030121149778]"
792,7,"[[719.0, 331.0], [722.0, 210.0], [825.0, 206.0], [820.0, 323.0]]","[1.156625005768735, -161.99273194827677, 9.763376962317693, -91.46638532953017]"
793,7,"[[738.0, 332.0], [740.0, 206.0], [848.0, 201.0], [843.0, 323.0]]","[1.1185081027326051, -162.85406232515845, 9.763165259177557, -91.9631039065737]"
794,7,"[[738.0, 332.0], [741.0, 205.0], [848.0, 201.0], [843.0, 323.0]]","[1.1142259100028478, -162.14356750300158, 9.601181344873522, -91.69529251569065]"
795,7,"[[755.0, 338.0], [758.0, 207.0], [871.0, 202.0], [865.0, 328.0]]","[1.08478389121379, -164.02835090116062, 10.28521834146085, -91.95964682841563]"
796,7,"[[787.0, 323.0], [793.0, 182.0], [915.0, 178.0], [905.0, 314.0]]","[1.0254275544701192, -165.21960813615348, 11.401617170409297, -91.46412909492717]"
834,8,"[[540.0, 23.0], [638.0, 18.0], [628.0, 128.0], [528.0, 127.0]]","[1.3075531134250022, -174.95663278071234, 26.645654912273287, 7.533836608610867]"
835,8,"[[491.0, 19.0], [591.0, 13.0], [583.0, 122.0], [483.0, 124.0]]","[1.2957909137332912, -177.1014126172004, 22.63932517540793, 5.090204568598784]"
836,8,"[[400.0, 22.0], [494.0, 17.0], [490.0, 126.0], [396.0, 126.0]]","[1.3202382412533489, -171.83086400069928, 22.195248967966183, 5.504664605078257]"
837,8,"[[294.0, 43.0], [387.0, 43.0], [382.0, 150.0], [289.0, 146.0]]","[1.3288090303957008, -173.09583478019127, 17.49267388037, 5.978320498192289]"
838,8,"[[269.0, 31.0], [363.0, 31.0], [359.0, 138.0], [266.0, 135.0]]","[1.337564706356701, -172.30933465326905, 16.046868512355044, 5.471594782395423]"
839,8,"[[261.0, 29.0], [355.0, 28.0], [353.0, 135.0], [258.0, 133.0]]","[1.3384340234431873, -173.22107055174817, 14.769800758257759, 4.468726993670519]"
839,1,"[[846.0, 179.0], [864.0, 180.0], [861.0, 195.0], [844.0, 194.0]]","[8.845946198816641, -144.3016455974067, 18.36316182711087, 7.165593711539543]"
840,8,"[[246.0, 27.0], [343.0, 29.0], [338.0, 139.0], [243.0, 135.0]]","[1.3023554342496082, -171.39540241242057, 15.581444470315972, 6.198275278563912]"
854,1,"[[416.0, 89.0], [430.0, 89.0], [430.0, 103.0], [416.0, 103.0]]","[9.617715762844497, 178.78301898047408, 0.1223780076872507, -0.008636570870270229]"
935,9,"[[405.0, 19.0], [461.0, 16.0], [468.0, 78.0], [412.0, 81.0]]","[2.292124781742442, -170.84442565300947, -19.125204460484905, -9.596593872836884]"
936,9,"[[388.0, 53.0], [447.0, 51.0], [453.0, 112.0], [393.0, 115.0]]","[2.2363088200915002, -177.02176726822617, -11.063264767895658, -5.66287308224344]"
937,9,"[[393.0, 30.0], [455.0, 29.0], [458.0, 92.0], [396.0, 93.0]]","[2.1900484700707774, -178.60777503348297, -5.843388461068389, -2.8081913787657475]"
938,9,"[[404.0, 20.0], [468.0, 19.0], [471.0, 84.0], [408.0, 85.0]]","[2.1362377199745555, -177.73147302675395, -7.375860680339702, -3.3389761809810183]"
939,9,"[[389.0, 51.0], [452.0, 52.0], [455.0, 119.0], [392.0, 120.0]]","[2.06357973619497, -170.39824163019267, -17.507329990053023, -5.192840236537212]"
940,9,"[[379.0, 65.0], [444.0, 64.0], [448.0, 131.0], [384.0, 134.0]]","[2.045188916231542, -171.0689671183791, -13.606438141562505, -5.610371637071832]"
941,9,"[[368.0, 91.0], [435.0, 89.0], [439.0, 156.0], [374.0, 160.0]]","[2.013367735002472, -172.25281672370315, -9.999763680828613, -5.1735467738619]"
942,9,"[[377.0, 97.0], [446.0, 94.0], [451.0, 163.0], [384.0, 167.0]]","[1.944498832294784, -176.21044927674367, -9.623707055675624, -5.3828780931010405]"
943,9,"[[396.0, 60.0], [468.0, 58.0], [474.0, 131.0], [404.0, 135.0]]","[1.8467421426192552, -176.4193123962749, -13.447732105682887, -6.236128221697165]"
944,9,"[[410.0, 82.0], [484.0, 79.0], [488.0, 158.0], [414.0, 162.0]]","[1.740226795264987, -166.85086127570708, -14.615320573969122, -6.358608372074307]"
945,9,"[[402.0, 125.0], [478.0, 125.0], [481.0, 205.0], [405.0, 206.0]]","[1.671520853574231, -174.02824666007558, -16.331167207410473, -3.760915449713525]"
946,9,"[[416.0, 178.0], [495.0, 177.0], [497.0, 259.0], [420.0, 261.0]]","[1.5983072240325589, -174.41969066510612, -16.913610586032156, -3.6743483803665944]"
947,9,"[[434.0, 170.0], [516.0, 168.0], [519.0, 251.0], [438.0, 255.0]]","[1.571367203102784, -174.13173657069646, -10.381408710754597, -3.6432948302231316]"
948,9,"[[419.0, 157.0], [504.0, 154.0], [507.0, 240.0], [424.0, 245.0]]","[1.5262188203015785, -170.47585402573694, -11.06607742189179, -4.579609855793806]"
949,9,"[[370.0, 92.0], [463.0, 88.0], [470.0, 183.0], [378.0, 191.0]]","[1.4065954140725607, -169.02513743434946, -13.31146841921506, -6.7798444689902375]"
950,9,"[[332.0, 100.0], [428.0, 96.0], [436.0, 193.0], [341.0, 202.0]]","[1.3677201617468417, -168.01670160908927, -15.168146060208942, -7.347027627569448]"
951,9,"[[240.0, 68.0], [347.0, 64.0], [359.0, 168.0], [254.0, 179.0]]","[1.2879194655928359, -171.6889863595857, -15.020004753550946, -7.9784992563217845]"
952,9,"[[147.0, 61.0], [266.0, 55.0], [281.0, 172.0], [165.0, 186.0]]","[1.1739126455326434, -159.4337573674241, -26.22912365897695, -12.681590143858998]"
953,9,"[[45.0, 124.0], [178.0, 115.0], [195.0, 235.0], [67.0, 255.0]]","[1.1125758676836637, -156.03470003793035, -29.161152683555525, -13.581669964309473]"
973,8,"[[406.0, 105.0], [427.0, 103.0], [428.0, 122.0], [409.0, 125.0]]","[6.621141029283189, -143.961849167367, -4.779744373257035, -8.426641754969333]"
975,8,"[[354.0, 160.0], [374.0, 157.0], [376.0, 176.0], [356.0, 179.0]]","[6.5105428649413115, 167.9541562946123, 4.16206886719454, -7.766719874146743]"
977,8,"[[298.0, 201.0], [319.0, 200.0], [322.0, 218.0], [302.0, 222.0]]","[6.478189334500972, 172.22430834945132, -13.212930698347577, -9.331122893114665]"
979,8,"[[222.0, 292.0], [244.0, 288.0], [246.0, 308.0], [225.0, 312.0]]","[6.1626676876707105, -151.31707494330024, -24.788338883268533, -13.362671697006064]"
980,8,"[[176.0, 336.0], [199.0, 333.0], [201.0, 353.0], [180.0, 357.0]]","[6.314262645204889, -161.99223441298085, -22.983811148363216, -10.507620441749014]"
981,8,"[[163.0, 378.0], [187.0, 374.0], [189.0, 394.0], [167.0, 398.0]]","[6.126478541306255, -154.9317340134783, -20.557018796754832, -10.222711294277358]"
982,8,"[[137.0, 387.0], [162.0, 384.0], [165.0, 403.0], [142.0, 408.0]]","[5.984078159045877, -152.57271001359544, -15.544113133943247, -9.611721064212414]"
983,8,"[[134.0, 375.0], [157.0, 371.0], [162.0, 392.0], [138.0, 396.0]]","[6.094176744088053, 164.02449907792524, -24.489469318268704, -10.26094736131194]"
984,8,"[[136.0, 356.0], [160.0, 352.0], [164.0, 373.0], [141.0, 377.0]]","[6.085893240108864, -160.04968482558283, -13.683867324927094, -10.29361986795715]"
985,8,"[[131.0, 337.0], [155.0, 334.0], [159.0, 356.0], [136.0, 360.0]]","[5.945341453066603, 177.95821042507282, -33.23441104338618, -10.64379706520778]"
986,8,"[[134.0, 369.0], [159.0, 365.0], [164.0, 385.0], [140.0, 391.0]]","[6.278447901856503, 174.1238639942601, -20.87108556079, -13.396975451998337]"
987,8,"[[160.0, 394.0], [184.0, 388.0], [190.0, 410.0], [166.0, 415.0]]","[5.796403912677678, -161.3351973974942, -10.054739760678123, -13.045210546915154]"
988,8,"[[190.0, 345.0], [214.0, 340.0], [219.0, 362.0], [195.0, 367.0]]","[5.732326539598017, 167.34950204683813, -15.052128392366537, -12.704475041548369]"
989,8,"[[189.0, 361.0], [213.0, 356.0], [218.0, 379.0], [194.0, 384.0]]","[5.706198962555246, -179.6632626961382, -8.744485488802043, -12.156976145619213]"
990,8,"[[186.0, 402.0], [211.0, 397.0], [215.0, 420.0], [191.0, 425.0]]","[5.658180516659109, -169.8985296331081, -17.542993759653648, -11.384093712108971]"
991,8,"[[162.0, 422.0], [189.0, 415.0], [193.0, 437.0], [168.0, 445.0]]","[5.284381732361002, -153.19789856486852, -24.445338510602145, -16.196883441636878]"
992,8,"[[178.0, 420.0], [205.0, 415.0], [210.0, 436.0], [184.0, 442.0]]","[5.248206796610447, -150.70925363797318, -11.586434702299474, -11.40727359114383]"
993,8,"[[186.0, 431.0], [212.0, 426.0], [217.0, 449.0], [192.0, 455.0]]","[5.591456710696707, -175.89743033792058, -13.557542174386125, -12.361288321054692]"
994,8,"[[200.0, 440.0], [227.0, 433.0], [232.0, 455.0], [207.0, 463.0]]","[5.215266646994621, -155.96914912294818, -17.00976880943226, -15.582585642661085]"
995,8,"[[203.0, 444.0], [229.0, 437.0], [235.0, 460.0], [209.0, 468.0]]","[5.213436981091883, -161.9145699386749, -18.643397037741167, -15.40908891506909]"
996,8,"[[235.0, 441.0], [260.0, 435.0], [266.0, 459.0], [240.0, 465.0]]","[5.281247126485012, 163.37644141476972, -16.018426492014306, -12.289575978650008]"
997,8,"[[236.0, 445.0], [262.0, 439.0], [267.0, 463.0], [241.0, 470.0]]","[5.151154503069095, -167.73351605590804, -19.28416218238972, -12.881932089608823]"
998,8,"[[241.0, 429.0], [268.0, 422.0], [273.0, 447.0], [248.0, 453.0]]","[5.127215348785317, -168.16406686436358, -11.229309282379871, -13.47575603280911]"
1000,8,"[[274.0, 402.0], [302.0, 395.0], [307.0, 419.0], [281.0, 425.0]]","[4.849061666795114, -154.3915126700083, -8.740289610907164, -13.317576191225797]"
1001,8,"[[270.0, 356.0], [297.0, 350.0], [303.0, 375.0], [277.0, 382.0]]","[4.925684265307859, -168.60787004522447, -11.05008451309863, -14.26106461451577]"
1002,8,"[[232.0, 342.0], [263.0, 336.0], [268.0, 361.0], [238.0, 367.0]]","[4.403051460618035, -145.5973474221645, -11.634305521430932, -11.72218649736817]"
1003,8,"[[205.0, 375.0], [235.0, 368.0], [241.0, 393.0], [212.0, 401.0]]","[4.57509295532788, -152.56299206058546, -15.461303591175394, -14.792118636689851]"
1004,8,"[[206.0, 380.0], [236.0, 373.0], [243.0, 398.0], [215.0, 407.0]]","[4.7020426766936065, -161.50819117422495, -8.597544309160599, -15.327845715970957]"
1005,8,"[[201.0, 355.0], [231.0, 349.0], [238.0, 375.0], [209.0, 383.0]]","[4.582478469774239, 166.5401643994446, -19.313210371013763, -14.261620659859743]"
1006,8,"[[178.0, 342.0], [210.0, 335.0], [216.0, 362.0], [186.0, 370.0]]","[4.414583375669676, -154.18790227594786, -16.935013537113747, -14.907987550594507]"
1007,8,"[[166.0, 322.0], [198.0, 316.0], [204.0, 344.0], [174.0, 352.0]]","[4.444600559782755, -162.59458493883278, -20.609614237108897, -14.838633381047623]"
1008,8,"[[170.0, 335.0], [204.0, 328.0], [210.0, 357.0], [178.0, 364.0]]","[4.1931969115269965, -153.62065069698622, -15.063058710190607, -13.116799390540253]"
1009,8,"[[165.0, 341.0], [198.0, 333.0], [206.0, 362.0], [174.0, 371.0]]","[4.223692513326986, -158.6123822355331, -16.37689612296026, -16.08862114619072]"
1010,8,"[[134.0, 338.0], [170.0, 330.0], [177.0, 360.0], [144.0, 369.0]]","[4.062860802835129, -154.8398445631975, -17.687041385960757, -15.497753131310976]"
1011,8,"[[126.0, 372.0], [162.0, 363.0], [170.0, 395.0], [136.0, 405.0]]","[3.99823184945724, -165.9155958948194, -23.920494085264025, -16.7651764220267]"
1012,8,"[[117.0, 349.0], [153.0, 340.0], [162.0, 371.0], [127.0, 381.0]]","[3.9791187152246676, -157.01709377850673, -18.587312550832674, -16.682746521121484]"
1013,8,"[[125.0, 344.0], [161.0, 336.0], [170.0, 369.0], [134.0, 378.0]]","[3.932071512491334, 177.9838193792293, -20.608687323703236, -14.87973423672152]"
1014,8,"[[144.0, 340.0], [180.0, 332.0], [189.0, 366.0], [152.0, 374.0]]","[3.8438440774073626, 174.71205013562388, -18.082687099441593, -13.767518709584063]"
1015,8,"[[149.0, 346.0], [188.0, 337.0], [197.0, 371.0], [159.0, 381.0]]","[3.6104383674190212, -157.82238190143502, -16.476349297071458, -15.13324087060303]"
1016,8,"[[144.0, 334.0], [183.0, 326.0], [192.0, 362.0], [154.0, 371.0]]","[3.6024857094239713, -178.94988023225878, -25.731944820791576, -14.58851275010227]"
1017,8,"[[80.0, 364.0], [121.0, 354.0], [132.0, 391.0], [90.0, 403.0]]","[3.4740071652050744, 173.00400293950312, -15.760636385365768, -16.02328297961794]"
1018,8,"[[48.0, 372.0], [92.0, 361.0], [103.0, 399.0], [59.0, 411.0]]","[3.368324166565759, 167.28679750364816, -21.036145096129584, -16.19283476269881]"
1019,8,"[[32.0, 346.0], [78.0, 335.0], [89.0, 375.0], [45.0, 386.0]]","[3.321548518134155, -161.37226019202154, -19.697403213103296, -15.659900322397398]"
1020,8,"[[30.0, 328.0], [76.0, 316.0], [89.0, 357.0], [42.0, 368.0]]","[3.3397410771837093, 179.2784950530638, -21.537366441979966, -16.74904516870877]"
1021,8,"[[63.0, 289.0], [110.0, 279.0], [121.0, 321.0], [74.0, 330.0]]","[3.2508580498171398, -177.09713872024514, -20.074570396019276, -14.411459428238661]"
1022,8,"[[67.0, 278.0], [115.0, 268.0], [127.0, 310.0], [80.0, 321.0]]","[3.0783950455229947, -155.92384494403984, -17.81288555645672, -15.304628172957292]"
1023,8,"[[82.0, 244.0], [130.0, 234.0], [143.0, 278.0], [94.0, 289.0]]","[2.982938622258927, 176.81301321657403, -17.381802317349678, -15.547005805626288]"
1024,8,"[[110.0, 239.0], [160.0, 229.0], [169.0, 275.0], [122.0, 286.0]]","[2.860100850331363, -155.21433329677825, -29.293052301973944, -18.09715756819581]"
1025,8,"[[76.0, 228.0], [127.0, 217.0], [139.0, 266.0], [89.0, 276.0]]","[2.8247558852563612, -174.90651246600476, -6.836216722719701, -13.180743472047205]"
1026,8,"[[85.0, 199.0], [137.0, 189.0], [151.0, 237.0], [99.0, 248.0]]","[2.7837982063458084, -178.83473911289056, -19.421596871200375, -15.938285628847021]"
1027,8,"[[101.0, 178.0], [154.0, 168.0], [167.0, 219.0], [115.0, 228.0]]","[2.7324270082642155, -162.48760107576967, -9.805788524831609, -12.613694790922747]"
1028,8,"[[116.0, 161.0], [169.0, 152.0], [183.0, 202.0], [129.0, 212.0]]","[2.6729460875554336, -179.65650250259114, -17.916027566522924, -14.740989619285475]"
1029,8,"[[176.0, 108.0], [233.0, 104.0], [242.0, 157.0], [187.0, 163.0]]","[2.5237011129594906, -150.0944149988252, -8.220459843665529, -7.559999205844482]"
1030,8,"[[217.0, 107.0], [274.0, 99.0], [285.0, 155.0], [228.0, 162.0]]","[2.423747322387323, 179.85245329279581, -11.267167334144572, -10.877389876366426]"
1031,8,"[[216.0, 94.0], [274.0, 86.0], [284.0, 145.0], [227.0, 153.0]]","[2.371464475253607, -170.6370600349357, -0.4777604283071254, -8.263507126169626]"
1032,8,"[[196.0, 106.0], [255.0, 99.0], [264.0, 159.0], [205.0, 166.0]]","[2.319933059353949, -174.27611553805266, -0.13091684560242525, -7.065087278919966]"
1033,8,"[[168.0, 84.0], [231.0, 74.0], [244.0, 137.0], [182.0, 146.0]]","[2.252931291067365, -171.10979584792022, -7.278699093908546, -11.127475070726497]"
1033,1,"[[462.0, 108.0], [474.0, 106.0], [476.0, 119.0], [464.0, 121.0]]","[10.550717652256031, -166.0514691391586, -13.505136813712392, -12.840462224569126]"
1034,8,"[[175.0, 32.0], [243.0, 25.0], [254.0, 92.0], [188.0, 100.0]]","[2.133695528469541, -149.8610555510674, -14.416003837911749, -11.55449817657195]"
1034,1,"[[488.0, 93.0], [501.0, 92.0], [503.0, 105.0], [490.0, 107.0]]","[9.995256375253543, -177.83462295807672, -10.180391599688354, -9.15514685599856]"
1035,8,"[[178.0, 24.0], [247.0, 16.0], [260.0, 84.0], [193.0, 93.0]]","[2.0999727192687185, -149.1452083613772, -9.873413352839838, -10.799754420898118]"
1036,8,"[[204.0, 39.0], [273.0, 32.0], [282.0, 103.0], [213.0, 110.0]]","[2.0070017591185016, -174.16705310899758, 0.4617123843332331, -5.840199627255637]"
1037,8,"[[188.0, 27.0], [260.0, 19.0], [271.0, 90.0], [199.0, 99.0]]","[1.9610048846377302, -178.4358538517636, -4.556506184260646, -8.43154973486111]"
1038,8,"[[144.0, 14.0], [222.0, 5.0], [232.0, 84.0], [156.0, 91.0]]","[1.855915778749454, -174.2484159600792, -2.021930169148878, -6.734603894830028]"
1042,1,"[[469.0, 143.0], [482.0, 142.0], [483.0, 156.0], [470.0, 157.0]]","[9.699869375951346, -168.10853231675625, -15.292002698039203, -7.723051520037121]"
1054,1,"[[717.0, 71.0], [736.0, 70.0], [737.0, 88.0], [717.0, 90.0]]","[7.498823616264532, 177.15589394977377, 9.687362505483199, -1.4802215079591325]"
1055,10,"[[15.0, 125.0], [31.0, 126.0], [34.0, 151.0], [19.0, 151.0]]","[5.863120915143962, -133.0831739147794, -74.73399859045537, -49.131162629795966]"
1055,1,"[[767.0, 67.0], [787.0, 65.0], [787.0, 84.0], [767.0, 86.0]]","[7.582466519205891, -178.07643811278044, 20.264555409375802, -0.06801708415414945]"
1056,10,"[[18.0, 120.0], [34.0, 122.0], [37.0, 146.0], [21.0, 144.0]]","[6.199131968608784, -157.21477211499501, 25.54804924668519, 12.126116163373787]"
1057,10,"[[34.0, 125.0], [51.0, 126.0], [55.0, 150.0], [39.0, 149.0]]","[6.130778063871112, -155.87514915298613, 25.56460031668322, 9.184704537796438]"
1057,1,"[[801.0, 38.0], [821.0, 35.0], [822.0, 55.0], [802.0, 58.0]]","[7.539208787994666, -165.35925291763706, 7.676011434715592, -6.5903358287647436]"
1059,10,"[[116.0, 105.0], [131.0, 106.0], [135.0, 131.0], [120.0, 130.0]]","[5.816008326948855, -154.848058848469, 33.730239740984246, 12.492434315556652]"
1060,10,"[[134.0, 114.0], [151.0, 116.0], [155.0, 140.0], [139.0, 139.0]]","[5.813726864986889, -163.23604535468678, -66.3703608809151, -23.726551687281905]"
1061,10,"[[157.0, 131.0], [174.0, 132.0], [178.0, 157.0], [162.0, 156.0]]","[5.636391382300086, -154.0830342971051, 32.19634159384694, 10.736780771030896]"
1062,10,"[[162.0, 106.0], [179.0, 107.0], [183.0, 132.0], [166.0, 131.0]]","[5.718074155832501, -154.21570184196585, 30.307442311315423, 11.029122059091161]"
1064,10,"[[47.0, 80.0], [66.0, 82.0], [71.0, 109.0], [52.0, 108.0]]","[5.423380980451293, -152.25518456783584, -68.53587382709416, -32.9020489975449]"
1065,10,"[[49.0, 32.0], [69.0, 34.0], [74.0, 63.0], [55.0, 62.0]]","[5.173282581589531, -144.21464866714217, -67.55280007931303, -39.92398620013502]"
